run_id,hypothesis,symbol,partition,scenario,params,start,end,cagr,ann_vol,sharpe,sortino,max_drawdown,calmar,longest_dd_sessions,worst_day,worst_week,worst_month,final_equity,n_trades,win_rate,avg_win,avg_loss,profit_factor,ev_per_trade,worst_trade,median_holding_days
BENCH_IWM_base_3130abb4,BENCH,IWM,train,base,"{""budget_pct"": 0.1}",2018-08-01,2022-12-31,-0.0871,0.304,-0.19,-0.29,-0.4722,-0.18,589,-0.0789,-0.1136,-0.1941,6685.34,72,0.431,488.91,-455.95,0.81,-49.13,-993.25,21.0
BENCH_QQQ_base_3130abb4,BENCH,QQQ,train,base,"{""budget_pct"": 0.1}",2018-08-01,2022-12-31,0.1997,0.3297,0.69,1.04,-0.3641,0.55,306,-0.0986,-0.1045,-0.1472,22323.49,72,0.514,1449.31,-1182.47,1.3,169.97,-2613.3,21.0
BENCH_SPY_base_3130abb4,BENCH,SPY,train,base,"{""budget_pct"": 0.1}",2018-08-01,2022-12-31,0.0872,0.2961,0.39,0.58,-0.3865,0.23,287,-0.1086,-0.1129,-0.151,14456.71,69,0.464,918.32,-683.53,1.16,59.36,-1776.3,23.0
H1_IWM_base_3fe81836,H1,IWM,train,base,"{""budget_pct"": 0.1, ""confirm_ret5"": 0.02, ""dd_thresh"": 0.15, ""dte_hi"": 80, ""dte_lo"": 45, ""dte_target"": 60, ""hold_days"": 60, ""target_delta"": 0.5}",2018-08-01,2022-12-31,0.0563,0.1674,0.35,0.34,-0.1722,0.33,153,-0.0613,-0.0797,-0.0815,12732.29,13,0.385,1176.67,-457.0,1.61,171.33,-996.9,55.0
H1_IWM_base_3f6586dd,H1,IWM,train,base,"{""budget_pct"": 0.1, ""confirm_ret5"": 0.02, ""dd_thresh"": 0.12, ""dte_hi"": 65, ""dte_lo"": 30, ""dte_target"": 45, ""hold_days"": 40, ""target_delta"": 0.5}",2018-08-01,2022-12-31,0.0829,0.209,0.44,0.5,-0.3015,0.27,476,-0.0714,-0.0925,-0.0773,14210.87,20,0.5,1292.96,-926.68,1.4,183.14,-1431.8,40.0
H1_IWM_base_b90bbfd7,H1,IWM,train,base,"{""budget_pct"": 0.1, ""confirm_ret5"": 0.02, ""dd_thresh"": 0.12, ""dte_hi"": 65, ""dte_lo"": 30, ""dte_target"": 45, ""hold_days"": 40, ""target_delta"": 0.35}",2018-08-01,2022-12-31,0.012,0.2815,0.14,0.16,-0.4112,0.03,476,-0.1436,-0.1887,-0.152,10542.64,21,0.381,1412.5,-863.77,1.01,3.38,-1522.8,40.0
H1_IWM_base_892976a6,H1,IWM,train,base,"{""budget_pct"": 0.1, ""confirm_ret5"": 0.02, ""dd_thresh"": 0.15, ""dte_hi"": 65, ""dte_lo"": 30, ""dte_target"": 45, ""hold_days"": 40, ""target_delta"": 0.35}",2018-08-01,2022-12-31,-0.0022,0.2766,0.09,0.09,-0.389,-0.01,627,-0.1537,-0.2011,-0.1117,9901.56,16,0.375,1219.84,-790.67,0.93,-36.73,-1114.95,40.0
H1_IWM_base_41b72fdb,H1,IWM,train,base,"{""budget_pct"": 0.1, ""confirm_ret5"": 0.02, ""dd_thresh"": 0.12, ""dte_hi"": 80, ""dte_lo"": 45, ""dte_target"": 60, ""hold_days"": 60, ""target_delta"": 0.5}",2018-08-01,2022-12-31,0.0361,0.1871,0.23,0.25,-0.2264,0.16,318,-0.0661,-0.0857,-0.0815,11692.59,16,0.375,1065.12,-517.56,1.23,75.94,-996.9,55.5
H1_IWM_base_57d2766f,H1,IWM,train,base,"{""budget_pct"": 0.1, ""confirm_ret5"": 0.02, ""dd_thresh"": 0.12, ""dte_hi"": 80, ""dte_lo"": 45, ""dte_target"": 60, ""hold_days"": 60, ""target_delta"": 0.35}",2018-08-01,2022-12-31,0.0622,0.2916,0.32,0.36,-0.359,0.17,434,-0.0991,-0.1722,-0.1782,13053.98,16,0.438,1489.84,-875.28,1.32,159.46,-1535.1,55.5
H1_IWM_base_23fd8388,H1,IWM,train,base,"{""budget_pct"": 0.1, ""confirm_ret5"": 0.02, ""dd_thresh"": 0.15, ""dte_hi"": 65, ""dte_lo"": 30, ""dte_target"": 45, ""hold_days"": 40, ""target_delta"": 0.5}",2018-08-01,2022-12-31,0.0245,0.1754,0.16,0.16,-0.2496,0.1,539,-0.0688,-0.0892,-0.07,11125.14,16,0.438,864.5,-603.5,1.11,38.75,-932.3,40.0
H1_IWM_base_a3d6703e,H1,IWM,train,base,"{""budget_pct"": 0.1, ""confirm_ret5"": 0.02, ""dd_thresh"": 0.15, ""dte_hi"": 80, ""dte_lo"": 45, ""dte_target"": 60, ""hold_days"": 60, ""target_delta"": 0.35}",2018-08-01,2022-12-31,0.0541,0.2574,0.29,0.3,-0.2899,0.19,321,-0.0902,-0.1722,-0.1782,12617.07,13,0.385,1705.41,-802.3,1.33,162.2,-1243.2,56.0
H1_QQQ_base_a3d6703e,H1,QQQ,train,base,"{""budget_pct"": 0.1, ""confirm_ret5"": 0.02, ""dd_thresh"": 0.15, ""dte_hi"": 80, ""dte_lo"": 45, ""dte_target"": 60, ""hold_days"": 60, ""target_delta"": 0.35}",2018-08-01,2022-12-31,0.0163,0.178,0.12,0.08,-0.3011,0.05,608,-0.1167,-0.142,-0.2135,10737.5,8,0.375,1755.17,-890.52,1.18,101.61,-1439.3,57.0
H1_QQQ_base_b90bbfd7,H1,QQQ,train,base,"{""budget_pct"": 0.1, ""confirm_ret5"": 0.02, ""dd_thresh"": 0.12, ""dte_hi"": 65, ""dte_lo"": 30, ""dte_target"": 45, ""hold_days"": 40, ""target_delta"": 0.35}",2018-08-01,2022-12-31,-0.0443,0.2118,-0.16,-0.14,-0.4014,-0.11,542,-0.1079,-0.1476,-0.1675,8188.38,15,0.4,830.45,-741.05,0.75,-112.45,-1010.75,40.0
H1_QQQ_base_23fd8388,H1,QQQ,train,base,"{""budget_pct"": 0.1, ""confirm_ret5"": 0.02, ""dd_thresh"": 0.15, ""dte_hi"": 65, ""dte_lo"": 30, ""dte_target"": 45, ""hold_days"": 40, ""target_delta"": 0.5}",2018-08-01,2022-12-31,-0.0133,0.1649,-0.07,-0.05,-0.3893,-0.03,589,-0.0719,-0.0732,-0.1376,9425.59,11,0.455,1008.24,-873.17,0.96,-17.99,-1242.65,40.0
H1_QQQ_base_892976a6,H1,QQQ,train,base,"{""budget_pct"": 0.1, ""confirm_ret5"": 0.02, ""dd_thresh"": 0.15, ""dte_hi"": 65, ""dte_lo"": 30, ""dte_target"": 45, ""hold_days"": 40, ""target_delta"": 0.35}",2018-08-01,2022-12-31,-0.0085,0.2074,0.01,0.01,-0.3901,-0.02,589,-0.1154,-0.1327,-0.1499,9628.39,12,0.5,868.9,-919.94,0.94,-25.52,-1360.4,40.0
H1_QQQ_base_3f6586dd,H1,QQQ,train,base,"{""budget_pct"": 0.1, ""confirm_ret5"": 0.02, ""dd_thresh"": 0.12, ""dte_hi"": 65, ""dte_lo"": 30, ""dte_target"": 45, ""hold_days"": 40, ""target_delta"": 0.5}",2018-08-01,2022-12-31,-0.0069,0.1709,-0.02,-0.02,-0.3621,-0.02,542,-0.0597,-0.078,-0.1498,9700.55,13,0.462,969.7,-945.78,0.88,-61.71,-1242.65,40.0
H1_QQQ_base_57d2766f,H1,QQQ,train,base,"{""budget_pct"": 0.1, ""confirm_ret5"": 0.02, ""dd_thresh"": 0.12, ""dte_hi"": 80, ""dte_lo"": 45, ""dte_target"": 60, ""hold_days"": 60, ""target_delta"": 0.35}",2018-08-01,2022-12-31,-0.0731,0.1812,-0.4,-0.32,-0.3856,-0.19,542,-0.0977,-0.1216,-0.1817,7154.74,11,0.273,835.05,-648.78,0.48,-244.1,-990.6,60.0
H1_QQQ_base_3fe81836,H1,QQQ,train,base,"{""budget_pct"": 0.1, ""confirm_ret5"": 0.02, ""dd_thresh"": 0.15, ""dte_hi"": 80, ""dte_lo"": 45, ""dte_target"": 60, ""hold_days"": 60, ""target_delta"": 0.5}",2018-08-01,2022-12-31,0.0262,0.1257,0.18,0.1,-0.2338,0.11,608,-0.0889,-0.0886,-0.1444,11206.8,6,0.5,1491.93,-923.45,1.62,284.24,-1242.9,51.5
H1_QQQ_base_41b72fdb,H1,QQQ,train,base,"{""budget_pct"": 0.1, ""confirm_ret5"": 0.02, ""dd_thresh"": 0.12, ""dte_hi"": 80, ""dte_lo"": 45, ""dte_target"": 60, ""hold_days"": 60, ""target_delta"": 0.5}",2018-08-01,2022-12-31,0.0261,0.1511,0.17,0.12,-0.2449,0.11,542,-0.0938,-0.0936,-0.152,11204.7,9,0.556,1014.3,-837.83,1.51,191.13,-1242.9,48.0
H1_SPY_base_23fd8388,H1,SPY,train,base,"{""budget_pct"": 0.1, ""confirm_ret5"": 0.02, ""dd_thresh"": 0.15, ""dte_hi"": 65, ""dte_lo"": 30, ""dte_target"": 45, ""hold_days"": 40, ""target_delta"": 0.5}",2018-08-01,2022-12-31,0.013,0.1324,0.08,0.05,-0.2877,0.05,584,-0.0769,-0.072,-0.0938,10584.61,9,0.444,897.97,-710.08,1.01,4.61,-1207.15,40.0
H1_SPY_base_892976a6,H1,SPY,train,base,"{""budget_pct"": 0.1, ""confirm_ret5"": 0.02, ""dd_thresh"": 0.15, ""dte_hi"": 65, ""dte_lo"": 30, ""dte_target"": 45, ""hold_days"": 40, ""target_delta"": 0.35}",2018-08-01,2022-12-31,0.1055,0.1883,0.57,0.41,-0.2345,0.45,448,-0.1074,-0.1107,-0.183,15569.06,9,0.556,1776.36,-979.47,2.27,551.54,-1279.3,40.0
H1_SPY_base_a3d6703e,H1,SPY,train,base,"{""budget_pct"": 0.1, ""confirm_ret5"": 0.02, ""dd_thresh"": 0.15, ""dte_hi"": 80, ""dte_lo"": 45, ""dte_target"": 60, ""hold_days"": 60, ""target_delta"": 0.35}",2018-08-01,2022-12-31,0.0432,0.2303,0.25,0.17,-0.3056,0.14,584,-0.1354,-0.1278,-0.1965,12051.88,8,0.5,1069.65,-544.49,1.96,262.58,-982.6,54.5
H1_SPY_base_3fe81836,H1,SPY,train,base,"{""budget_pct"": 0.1, ""confirm_ret5"": 0.02, ""dd_thresh"": 0.15, ""dte_hi"": 80, ""dte_lo"": 45, ""dte_target"": 60, ""hold_days"": 60, ""target_delta"": 0.5}",2018-08-01,2022-12-31,0.0252,0.1365,0.17,0.07,-0.2218,0.11,584,-0.0981,-0.0917,-0.1525,11159.13,5,0.6,845.93,-952.73,1.33,126.47,-1207.15,55.0
H1_SPY_base_b90bbfd7,H1,SPY,train,base,"{""budget_pct"": 0.1, ""confirm_ret5"": 0.02, ""dd_thresh"": 0.12, ""dte_hi"": 65, ""dte_lo"": 30, ""dte_target"": 45, ""hold_days"": 40, ""target_delta"": 0.35}",2018-08-01,2022-12-31,0.0194,0.2112,0.14,0.11,-0.354,0.05,402,-0.1158,-0.1119,-0.2091,10887.13,11,0.545,1079.97,-998.79,1.3,135.08,-1263.3,40.0
H1_SPY_base_41b72fdb,H1,SPY,train,base,"{""budget_pct"": 0.1, ""confirm_ret5"": 0.02, ""dd_thresh"": 0.12, ""dte_hi"": 80, ""dte_lo"": 45, ""dte_target"": 60, ""hold_days"": 60, ""target_delta"": 0.5}",2018-08-01,2022-12-31,0.0265,0.1359,0.18,0.08,-0.2184,0.12,584,-0.0981,-0.0917,-0.1525,11224.48,5,0.6,845.93,-920.12,1.38,139.51,-1141.95,55.0
H1_SPY_base_57d2766f,H1,SPY,train,base,"{""budget_pct"": 0.1, ""confirm_ret5"": 0.02, ""dd_thresh"": 0.12, ""dte_hi"": 80, ""dte_lo"": 45, ""dte_target"": 60, ""hold_days"": 60, ""target_delta"": 0.35}",2018-08-01,2022-12-31,0.0315,0.2338,0.2,0.14,-0.3427,0.09,584,-0.1354,-0.1278,-0.1965,11469.18,9,0.444,1069.65,-550.23,1.56,169.72,-982.6,55.0
H1_SPY_base_3f6586dd,H1,SPY,train,base,"{""budget_pct"": 0.1, ""confirm_ret5"": 0.02, ""dd_thresh"": 0.12, ""dte_hi"": 65, ""dte_lo"": 30, ""dte_target"": 45, ""hold_days"": 40, ""target_delta"": 0.5}",2018-08-01,2022-12-31,0.0158,0.1542,0.11,0.07,-0.2415,0.07,445,-0.1205,-0.1165,-0.1632,10716.9,9,0.444,1136.79,-871.47,1.04,21.09,-1148.15,40.0
H1_SPY_conservative_892976a6,H1,SPY,train,conservative,"{""budget_pct"": 0.1, ""confirm_ret5"": 0.02, ""dd_thresh"": 0.15, ""dte_hi"": 65, ""dte_lo"": 30, ""dte_target"": 45, ""hold_days"": 40, ""target_delta"": 0.35}",2018-08-01,2022-12-31,0.1039,0.189,0.56,0.4,-0.2359,0.44,448,-0.1078,-0.1112,-0.184,15469.1,9,0.556,1765.4,-990.25,2.23,540.67,-1288.0,40.0
H1_SPY_optimistic_892976a6,H1,SPY,train,optimistic,"{""budget_pct"": 0.1, ""confirm_ret5"": 0.02, ""dd_thresh"": 0.15, ""dte_hi"": 65, ""dte_lo"": 30, ""dte_target"": 45, ""hold_days"": 40, ""target_delta"": 0.35}",2018-08-01,2022-12-31,0.1063,0.188,0.58,0.41,-0.2339,0.45,448,-0.1073,-0.1105,-0.1826,15618.54,9,0.556,1783.16,-975.85,2.28,556.93,-1275.8,40.0
H2_IWM_base_a2a95139,H2,IWM,train,base,"{""budget_pct"": 0.1, ""dte_hi"": 70, ""dte_lo"": 40, ""dte_target"": 60, ""roll_dte"": 21, ""target_delta"": 0.8}",2018-08-01,2022-12-31,-0.0052,0.0428,-0.36,-0.16,-0.1316,-0.04,1066,-0.0253,-0.0387,-0.063,9773.16,5,0.4,265.85,-408.98,0.43,-139.05,-907.9,27.0
H2_IWM_base_587871a3,H2,IWM,train,base,"{""budget_pct"": 0.15, ""dte_hi"": 70, ""dte_lo"": 40, ""dte_target"": 60, ""roll_dte"": 21, ""target_delta"": 0.8}",2018-08-01,2022-12-31,-0.0508,0.0943,-0.64,-0.4,-0.2622,-0.19,1068,-0.0442,-0.1439,-0.0936,7942.12,11,0.364,336.1,-545.29,0.35,-224.79,-1031.9,32.0
H2_IWM_base_a2dcd313,H2,IWM,train,base,"{""budget_pct"": 0.15, ""dte_hi"": 70, ""dte_lo"": 40, ""dte_target"": 60, ""roll_dte"": 21, ""target_delta"": 0.35}",2018-08-01,2022-12-31,-0.1665,0.3166,-0.47,-0.54,-0.6176,-0.27,1068,-0.1028,-0.2112,-0.1669,4470.64,33,0.273,784.52,-539.28,0.55,-178.24,-1190.4,25.0
H2_IWM_base_dd7cfd42,H2,IWM,train,base,"{""affordable_floor"": 0.3, ""band"": 0.01, ""budget_pct"": 0.1, ""dte_hi"": 70, ""dte_lo"": 40, ""dte_target"": 60, ""roll_dte"": 21, ""target_delta"": 0.5}",2018-08-01,2022-12-31,-0.0175,0.1629,-0.1,-0.12,-0.2907,-0.06,563,-0.0495,-0.0917,-0.0779,9249.96,33,0.333,593.13,-351.92,0.84,-36.9,-694.8,25.0
H2_IWM_base_87f2afb3,H2,IWM,train,base,"{""budget_pct"": 0.15, ""dte_hi"": 70, ""dte_lo"": 40, ""dte_target"": 60, ""roll_dte"": 21, ""target_delta"": 0.5}",2018-08-01,2022-12-31,-0.08,0.2333,-0.3,-0.35,-0.4443,-0.18,608,-0.0631,-0.1612,-0.1253,6916.29,32,0.281,789.52,-460.41,0.67,-108.87,-1156.95,27.0
H2_IWM_base_f680284e,H2,IWM,train,base,"{""budget_pct"": 0.06, ""dte_hi"": 70, ""dte_lo"": 40, ""dte_target"": 60, ""roll_dte"": 21, ""target_delta"": 0.5}",2018-08-01,2022-12-31,-0.0315,0.06,-0.7,-0.49,-0.183,-0.17,1068,-0.028,-0.0715,-0.0382,8683.11,13,0.231,266.85,-257.45,0.31,-136.46,-385.65,28.0
H2_IWM_base_780f0db7,H2,IWM,train,base,"{""budget_pct"": 0.1, ""dte_hi"": 70, ""dte_lo"": 40, ""dte_target"": 60, ""roll_dte"": 21, ""target_delta"": 0.65}",2018-08-01,2022-12-31,-0.0398,0.0835,-0.59,-0.41,-0.2267,-0.18,1068,-0.0351,-0.1077,-0.0647,8358.78,13,0.385,229.75,-403.62,0.36,-160.02,-686.9,28.0
H2_IWM_base_6f9094f2,H2,IWM,train,base,"{""budget_pct"": 0.06, ""dte_hi"": 70, ""dte_lo"": 40, ""dte_target"": 60, ""roll_dte"": 21, ""target_delta"": 0.65}",2018-08-01,2022-12-31,-0.0043,0.0407,-0.36,-0.2,-0.0839,-0.05,1068,-0.0211,-0.0286,-0.0385,9813.72,5,0.4,158.97,-328.32,0.32,-133.4,-582.4,29.0
H2_IWM_base_a884a0ea,H2,IWM,train,base,"{""budget_pct"": 0.15, ""dte_hi"": 70, ""dte_lo"": 40, ""dte_target"": 60, ""roll_dte"": 21, ""target_delta"": 0.65}",2018-08-01,2022-12-31,-0.0096,0.1907,-0.02,-0.02,-0.3102,-0.03,565,-0.0538,-0.1079,-0.0961,9579.51,30,0.367,685.92,-443.56,0.9,-29.41,-735.8,28.0
H2_IWM_base_5f86e700,H2,IWM,train,base,"{""budget_pct"": 0.1, ""dte_hi"": 70, ""dte_lo"": 40, ""dte_target"": 60, ""roll_dte"": 21, ""target_delta"": 0.35}",2018-08-01,2022-12-31,-0.0869,0.2037,-0.41,-0.48,-0.4136,-0.21,1068,-0.0721,-0.1494,-0.1162,6689.97,33,0.273,635.57,-393.11,0.61,-112.56,-793.6,25.0
H2_IWM_base_463ebff5,H2,IWM,train,base,"{""budget_pct"": 0.06, ""dte_hi"": 70, ""dte_lo"": 40, ""dte_target"": 60, ""roll_dte"": 21, ""target_delta"": 0.35}",2018-08-01,2022-12-31,-0.0077,0.1324,-0.08,-0.1,-0.2293,-0.03,564,-0.0449,-0.0921,-0.0644,9661.41,33,0.273,560.7,-244.08,0.86,-24.6,-439.95,25.0
H2_IWM_base_1fc1388e,H2,IWM,train,base,"{""budget_pct"": 0.1, ""dte_hi"": 70, ""dte_lo"": 40, ""dte_target"": 60, ""roll_dte"": 21, ""target_delta"": 0.5}",2018-08-01,2022-12-31,-0.0236,0.1643,-0.14,-0.17,-0.2836,-0.08,577,-0.0435,-0.0881,-0.0751,8995.3,31,0.258,764.12,-329.03,0.81,-46.92,-771.3,28.0
H2_IWM_base_0ba8db84,H2,IWM,train,base,"{""budget_pct"": 0.06, ""dte_hi"": 70, ""dte_lo"": 40, ""dte_target"": 60, ""roll_dte"": 21, ""target_delta"": 0.8}",2018-08-01,2022-12-31,0.0113,0.001,0.28,,-0.0,5831.16,2,-0.0,0.0,0.0,10507.96,0,,,,,,,
H2_QQQ_base_8558e5b1,H2,QQQ,full_report,base,"{""affordable_floor"": 0.3, ""band"": 0.01, ""budget_pct"": 0.1, ""dte_hi"": 70, ""dte_lo"": 40, ""dte_target"": 60, ""roll_dte"": 21, ""target_delta"": 0.5, ""use_brake"": true}",2018-08-01,2026-07-22,0.1521,0.2134,0.66,0.81,-0.1938,0.78,367,-0.1265,-0.1182,-0.1033,30906.28,67,0.582,1030.39,-789.02,1.82,270.04,-1996.4,35.0
H2_QQQ_base_2e00d809,H2,QQQ,holdout,base,"{""affordable_floor"": 0.3, ""band"": 0.01, ""budget_pct"": 0.1, ""dte_hi"": 70, ""dte_lo"": 40, ""dte_target"": 60, ""roll_dte"": 21, ""target_delta"": 0.5, ""use_brake"": true}",2025-01-01,2026-07-22,-0.0078,0.232,-0.09,-0.09,-0.204,-0.04,180,-0.0846,-0.1046,-0.1279,9876.33,8,0.375,496.6,-437.5,0.68,-87.21,-680.15,37.5
H2_QQQ_base_db54a4b6,H2,QQQ,holdout,base,"{""affordable_floor"": 0.3, ""band"": 0.01, ""budget_pct"": 0.1, ""dte_hi"": 70, ""dte_lo"": 40, ""dte_target"": 60, ""roll_dte"": 21, ""target_delta"": 0.5}",2025-01-01,2026-07-22,0.2111,0.3386,0.63,0.92,-0.3166,0.67,164,-0.0846,-0.1046,-0.1279,13452.23,12,0.333,2122.04,-577.4,1.84,322.41,-884.4,37.5
H2_QQQ_conservative_2e00d809,H2,QQQ,holdout,conservative,"{""affordable_floor"": 0.3, ""band"": 0.01, ""budget_pct"": 0.1, ""dte_hi"": 70, ""dte_lo"": 40, ""dte_target"": 60, ""roll_dte"": 21, ""target_delta"": 0.5, ""use_brake"": true}",2025-01-01,2026-07-22,-0.0106,0.2326,-0.1,-0.1,-0.2051,-0.05,180,-0.0853,-0.1049,-0.1284,9830.29,8,0.375,490.33,-442.6,0.66,-92.75,-685.0,37.5
H2_QQQ_conservative_db54a4b6,H2,QQQ,holdout,conservative,"{""affordable_floor"": 0.3, ""band"": 0.01, ""budget_pct"": 0.1, ""dte_hi"": 70, ""dte_lo"": 40, ""dte_target"": 60, ""roll_dte"": 21, ""target_delta"": 0.5}",2025-01-01,2026-07-22,0.202,0.339,0.6,0.89,-0.3191,0.63,164,-0.0853,-0.1049,-0.1284,13290.32,12,0.333,2093.5,-582.62,1.8,309.42,-889.0,37.5
H2_QQQ_optimistic_db54a4b6,H2,QQQ,holdout,optimistic,"{""affordable_floor"": 0.3, ""band"": 0.01, ""budget_pct"": 0.1, ""dte_hi"": 70, ""dte_lo"": 40, ""dte_target"": 60, ""roll_dte"": 21, ""target_delta"": 0.5}",2025-01-01,2026-07-22,0.2184,0.339,0.64,0.95,-0.3153,0.69,164,-0.0842,-0.1044,-0.1277,13580.7,12,0.333,2147.98,-574.77,1.87,332.81,-882.4,37.5
H2_QQQ_stress_2e00d809,H2,QQQ,holdout,stress,"{""affordable_floor"": 0.3, ""band"": 0.01, ""budget_pct"": 0.1, ""dte_hi"": 70, ""dte_lo"": 40, ""dte_target"": 60, ""roll_dte"": 21, ""target_delta"": 0.5, ""use_brake"": true}",2025-01-01,2026-07-22,-0.0136,0.2331,-0.11,-0.11,-0.2063,-0.07,180,-0.0858,-0.1053,-0.1288,9780.41,8,0.375,484.33,-448.6,0.65,-98.75,-691.0,37.5
H2_QQQ_base_51c1779c,H2,QQQ,train,base,"{""band"": 0.01, ""budget_pct"": 0.1, ""dte_hi"": 55, ""dte_lo"": 25, ""dte_target"": 45, ""extra_lag"": 0, ""roll_dte"": 21, ""target_delta"": 0.6}",2018-08-01,2022-12-31,0.0921,0.1748,0.54,0.59,-0.2025,0.45,313,-0.091,-0.0952,-0.1298,14749.16,47,0.553,573.67,-510.38,1.39,89.31,-1152.9,21.0
H2_QQQ_base_6f9094f2,H2,QQQ,train,base,"{""budget_pct"": 0.06, ""dte_hi"": 70, ""dte_lo"": 40, ""dte_target"": 60, ""roll_dte"": 21, ""target_delta"": 0.65}",2018-08-01,2022-12-31,0.0256,0.0405,0.38,0.17,-0.0525,0.49,639,-0.0243,-0.0433,-0.0342,11179.75,5,0.6,382.1,-241.77,2.37,132.55,-347.9,25.0
H2_QQQ_base_06f602a4,H2,QQQ,train,base,"{""band"": 0.01, ""budget_pct"": 0.1, ""dte_hi"": 70, ""dte_lo"": 40, ""dte_target"": 60, ""extra_lag"": 0, ""roll_dte"": 14, ""target_delta"": 0.4}",2018-08-01,2022-12-31,0.2654,0.2343,1.09,1.31,-0.2273,1.17,251,-0.1106,-0.0924,-0.1248,28245.75,29,0.552,2091.45,-1232.27,2.09,601.51,-2941.2,37.0
H2_QQQ_base_a0e05b4c,H2,QQQ,train,base,"{""band"": 0.01, ""budget_pct"": 0.1, ""dte_hi"": 55, ""dte_lo"": 25, ""dte_target"": 45, ""extra_lag"": 0, ""roll_dte"": 14, ""target_delta"": 0.5}",2018-08-01,2022-12-31,0.1622,0.201,0.81,0.92,-0.2372,0.68,283,-0.0722,-0.0735,-0.1334,19407.42,41,0.512,974.71,-585.25,1.75,213.75,-1398.8,29.0
H2_QQQ_base_e0d597a9,H2,QQQ,train,base,"{""affordable_floor"": 0.3, ""band"": 0.01, ""budget_pct"": 0.1, ""dte_hi"": 70, ""dte_lo"": 40, ""dte_target"": 60, ""roll_dte"": 21, ""target_delta"": 0.5, ""use_brake"": true}",2018-08-01,2022-12-31,0.0996,0.1832,0.56,0.6,-0.1938,0.51,284,-0.0892,-0.1073,-0.1033,15201.43,36,0.611,603.48,-617.13,1.54,128.79,-1325.4,28.5
H2_QQQ_base_0ba8db84,H2,QQQ,train,base,"{""budget_pct"": 0.06, ""dte_hi"": 70, ""dte_lo"": 40, ""dte_target"": 60, ""roll_dte"": 21, ""target_delta"": 0.8}",2018-08-01,2022-12-31,0.0113,0.001,0.11,,-0.0,11662.33,2,-0.0,0.0,0.0,10507.96,0,,,,,,,
H2_QQQ_base_587871a3,H2,QQQ,train,base,"{""budget_pct"": 0.15, ""dte_hi"": 70, ""dte_lo"": 40, ""dte_target"": 60, ""roll_dte"": 21, ""target_delta"": 0.8}",2018-08-01,2022-12-31,0.0104,0.1136,0.05,0.03,-0.1723,0.06,706,-0.043,-0.1138,-0.1125,10461.26,13,0.692,462.46,-1043.96,1.0,-1.05,-1471.4,33.0
H2_QQQ_base_2396555e,H2,QQQ,train,base,"{""band"": 0.01, ""budget_pct"": 0.1, ""dte_hi"": 70, ""dte_lo"": 40, ""dte_target"": 60, ""extra_lag"": 0, ""roll_dte"": 30, ""target_delta"": 0.6}",2018-08-01,2022-12-31,0.0828,0.1114,0.68,0.56,-0.1424,0.58,324,-0.0669,-0.0414,-0.0917,14203.5,25,0.6,485.3,-362.3,2.01,146.26,-792.15,23.0
H2_QQQ_base_1fc1388e,H2,QQQ,train,base,"{""budget_pct"": 0.1, ""dte_hi"": 70, ""dte_lo"": 40, ""dte_target"": 60, ""roll_dte"": 21, ""target_delta"": 0.5}",2018-08-01,2022-12-31,0.1392,0.1835,0.75,0.83,-0.2003,0.69,274,-0.0815,-0.0793,-0.1207,17769.24,35,0.657,691.05,-728.19,1.82,204.45,-1438.15,29.0
H2_QQQ_base_cec22b76,H2,QQQ,train,base,"{""band"": 0.01, ""budget_pct"": 0.1, ""dte_hi"": 55, ""dte_lo"": 25, ""dte_target"": 45, ""extra_lag"": 0, ""roll_dte"": 14, ""target_delta"": 0.4}",2018-08-01,2022-12-31,0.1646,0.2391,0.72,0.84,-0.2954,0.56,328,-0.0755,-0.0971,-0.1404,19580.43,40,0.525,1067.12,-708.18,1.67,223.85,-1500.8,29.0
H2_QQQ_base_ecf5fc12,H2,QQQ,train,base,"{""band"": 0.01, ""budget_pct"": 0.1, ""dte_hi"": 55, ""dte_lo"": 25, ""dte_target"": 45, ""extra_lag"": 0, ""roll_dte"": 14, ""target_delta"": 0.6}",2018-08-01,2022-12-31,0.1193,0.1695,0.7,0.76,-0.205,0.58,274,-0.0805,-0.0831,-0.1361,16440.62,38,0.553,789.11,-630.56,1.55,153.99,-1379.65,28.0
H2_QQQ_base_a884a0ea,H2,QQQ,train,base,"{""budget_pct"": 0.15, ""dte_hi"": 70, ""dte_lo"": 40, ""dte_target"": 60, ""roll_dte"": 21, ""target_delta"": 0.65}",2018-08-01,2022-12-31,0.1197,0.2015,0.62,0.68,-0.2557,0.47,284,-0.0872,-0.1094,-0.1267,16464.9,35,0.657,750.25,-948.15,1.52,167.94,-2318.9,28.0
H2_QQQ_base_6d8e24e3,H2,QQQ,train,base,"{""band"": 0.01, ""budget_pct"": 0.1, ""dte_hi"": 70, ""dte_lo"": 40, ""dte_target"": 60, ""extra_lag"": 0, ""roll_dte"": 30, ""target_delta"": 0.4}",2018-08-01,2022-12-31,0.1743,0.2025,0.85,0.98,-0.2211,0.79,324,-0.0998,-0.105,-0.1471,20311.66,42,0.5,1137.5,-677.81,1.68,229.84,-1614.8,28.0
H2_QQQ_base_e5783a1b,H2,QQQ,train,base,"{""band"": 0.01, ""budget_pct"": 0.1, ""dte_hi"": 70, ""dte_lo"": 40, ""dte_target"": 60, ""extra_lag"": 0, ""roll_dte"": 14, ""target_delta"": 0.6}",2018-08-01,2022-12-31,0.1429,0.1645,0.84,0.87,-0.1778,0.8,274,-0.0742,-0.0793,-0.1175,18023.16,26,0.538,1081.49,-644.75,1.96,284.76,-1856.9,37.5
H2_QQQ_base_463ebff5,H2,QQQ,train,base,"{""budget_pct"": 0.06, ""dte_hi"": 70, ""dte_lo"": 40, ""dte_target"": 60, ""roll_dte"": 21, ""target_delta"": 0.35}",2018-08-01,2022-12-31,0.1024,0.1596,0.63,0.67,-0.1844,0.56,285,-0.0794,-0.1087,-0.1139,15373.42,34,0.559,589.41,-427.22,1.75,140.9,-750.9,32.5
H2_QQQ_base_4ff18f07,H2,QQQ,train,base,"{""band"": 0.01, ""budget_pct"": 0.1, ""dte_hi"": 70, ""dte_lo"": 40, ""dte_target"": 60, ""extra_lag"": 0, ""roll_dte"": 21, ""target_delta"": 0.6}",2018-08-01,2022-12-31,0.0813,0.1288,0.59,0.51,-0.1575,0.52,331,-0.0664,-0.1036,-0.0754,14117.03,21,0.619,557.91,-460.56,1.97,169.92,-738.15,31.0
H2_QQQ_base_dd7cfd42,H2,QQQ,train,base,"{""affordable_floor"": 0.3, ""band"": 0.01, ""budget_pct"": 0.1, ""dte_hi"": 70, ""dte_lo"": 40, ""dte_target"": 60, ""roll_dte"": 21, ""target_delta"": 0.5}",2018-08-01,2022-12-31,0.1236,0.1891,0.66,0.71,-0.2158,0.57,274,-0.0888,-0.1073,-0.1311,16719.78,36,0.639,676.01,-724.44,1.65,170.29,-1553.15,28.5
H2_QQQ_base_5f86e700,H2,QQQ,train,base,"{""budget_pct"": 0.1, ""dte_hi"": 70, ""dte_lo"": 40, ""dte_target"": 60, ""roll_dte"": 21, ""target_delta"": 0.35}",2018-08-01,2022-12-31,0.1967,0.2648,0.78,0.87,-0.2979,0.66,280,-0.1157,-0.1703,-0.1689,22070.56,35,0.543,1286.87,-817.24,1.87,324.99,-1731.45,30.0
H2_QQQ_base_a2a95139,H2,QQQ,train,base,"{""budget_pct"": 0.1, ""dte_hi"": 70, ""dte_lo"": 40, ""dte_target"": 60, ""roll_dte"": 21, ""target_delta"": 0.8}",2018-08-01,2022-12-31,0.0253,0.0324,0.45,0.16,-0.0554,0.46,644,-0.0208,-0.0554,-0.0309,11163.97,3,0.667,530.85,-417.65,2.54,214.68,-417.65,22.0
H2_QQQ_base_b414b7b6,H2,QQQ,train,base,"{""band"": 0.01, ""budget_pct"": 0.1, ""dte_hi"": 55, ""dte_lo"": 25, ""dte_target"": 45, ""extra_lag"": 0, ""roll_dte"": 30, ""target_delta"": 0.5}",2018-08-01,2022-12-31,0.1417,0.1718,0.8,1.0,-0.2048,0.69,327,-0.0494,-0.0681,-0.1096,17941.75,77,0.558,552.12,-482.54,1.45,95.26,-1236.9,14.0
H2_QQQ_base_15261992,H2,QQQ,train,base,"{""affordable_floor"": 0.3, ""band"": 0.01, ""budget_pct"": 0.15, ""dte_hi"": 70, ""dte_lo"": 40, ""dte_target"": 60, ""roll_dte"": 21, ""target_delta"": 0.5}",2018-08-01,2022-12-31,0.1258,0.217,0.61,0.68,-0.2159,0.58,324,-0.0879,-0.1028,-0.1276,16865.13,36,0.639,828.8,-983.67,1.49,174.3,-2234.15,28.5
H2_QQQ_base_51ee51fa,H2,QQQ,train,base,"{""band"": 0.01, ""budget_pct"": 0.12, ""dte_hi"": 70, ""dte_lo"": 40, ""dte_target"": 60, ""extra_lag"": 0, ""roll_dte"": 21, ""target_delta"": 0.5}",2018-08-01,2022-12-31,0.1508,0.2013,0.76,0.85,-0.2527,0.6,274,-0.0805,-0.1386,-0.1191,18581.77,36,0.639,829.07,-855.45,1.71,220.77,-1656.8,28.5
H2_QQQ_base_db2e7a41,H2,QQQ,train,base,"{""band"": 0.01, ""budget_pct"": 0.08, ""dte_hi"": 70, ""dte_lo"": 40, ""dte_target"": 60, ""extra_lag"": 0, ""roll_dte"": 21, ""target_delta"": 0.5}",2018-08-01,2022-12-31,0.1099,0.1506,0.71,0.71,-0.1639,0.67,274,-0.0862,-0.0838,-0.0892,15842.41,32,0.656,540.35,-553.76,1.86,164.25,-1262.9,30.5
H2_QQQ_base_8b907f56,H2,QQQ,train,base,"{""band"": 0.01, ""budget_pct"": 0.1, ""dte_hi"": 70, ""dte_lo"": 40, ""dte_target"": 60, ""extra_lag"": 0, ""roll_dte"": 21, ""target_delta"": 0.5}",2018-08-01,2022-12-31,0.1392,0.1835,0.75,0.83,-0.2003,0.69,274,-0.0815,-0.0793,-0.1207,17769.24,35,0.657,691.05,-728.19,1.82,204.45,-1438.15,29.0
H2_QQQ_base_f680284e,H2,QQQ,train,base,"{""budget_pct"": 0.06, ""dte_hi"": 70, ""dte_lo"": 40, ""dte_target"": 60, ""roll_dte"": 21, ""target_delta"": 0.5}",2018-08-01,2022-12-31,0.069,0.0893,0.68,0.55,-0.1406,0.49,335,-0.0434,-0.0848,-0.0607,13419.53,18,0.611,537.69,-434.33,1.95,159.68,-603.9,28.5
H2_QQQ_base_ac2ae6e7,H2,QQQ,train,base,"{""band"": 0.01, ""budget_pct"": 0.1, ""dte_hi"": 70, ""dte_lo"": 40, ""dte_target"": 60, ""extra_lag"": 2, ""roll_dte"": 21, ""target_delta"": 0.5}",2018-08-01,2022-12-31,0.1181,0.1829,0.65,0.7,-0.1892,0.62,327,-0.0871,-0.0851,-0.1007,16357.38,35,0.629,645.88,-649.02,1.68,164.91,-1451.9,29.0
H2_QQQ_base_c2ef2164,H2,QQQ,train,base,"{""band"": 0.0, ""budget_pct"": 0.1, ""dte_hi"": 70, ""dte_lo"": 40, ""dte_target"": 60, ""extra_lag"": 0, ""roll_dte"": 21, ""target_delta"": 0.5}",2018-08-01,2022-12-31,0.1016,0.1794,0.58,0.64,-0.2061,0.49,328,-0.0837,-0.0855,-0.124,15323.42,44,0.523,660.6,-496.74,1.46,108.23,-1426.4,27.5
H2_QQQ_base_87f2afb3,H2,QQQ,train,base,"{""budget_pct"": 0.15, ""dte_hi"": 70, ""dte_lo"": 40, ""dte_target"": 60, ""roll_dte"": 21, ""target_delta"": 0.5}",2018-08-01,2022-12-31,0.1996,0.26,0.8,0.94,-0.2872,0.69,274,-0.091,-0.1309,-0.1192,22314.24,36,0.639,1165.3,-1167.06,1.77,323.06,-2876.3,28.5
H2_QQQ_base_102c5871,H2,QQQ,train,base,"{""band"": 0.01, ""budget_pct"": 0.06, ""dte_hi"": 70, ""dte_lo"": 40, ""dte_target"": 60, ""extra_lag"": 0, ""roll_dte"": 21, ""target_delta"": 0.5}",2018-08-01,2022-12-31,0.069,0.0893,0.68,0.55,-0.1406,0.49,335,-0.0434,-0.0848,-0.0607,13419.53,18,0.611,537.69,-434.33,1.95,159.68,-603.9,28.5
H2_QQQ_base_780f0db7,H2,QQQ,train,base,"{""budget_pct"": 0.1, ""dte_hi"": 70, ""dte_lo"": 40, ""dte_target"": 60, ""roll_dte"": 21, ""target_delta"": 0.65}",2018-08-01,2022-12-31,0.0236,0.0972,0.18,0.13,-0.1626,0.15,706,-0.0402,-0.1045,-0.0839,11083.39,15,0.6,468.96,-604.86,1.16,39.43,-901.15,30.0
H2_QQQ_base_25a98f61,H2,QQQ,train,base,"{""band"": 0.02, ""budget_pct"": 0.1, ""dte_hi"": 70, ""dte_lo"": 40, ""dte_target"": 60, ""extra_lag"": 0, ""roll_dte"": 21, ""target_delta"": 0.5}",2018-08-01,2022-12-31,0.1405,0.1788,0.77,0.84,-0.1994,0.7,274,-0.0811,-0.0791,-0.1201,17856.48,33,0.636,760.85,-728.19,1.83,219.38,-1438.15,35.0
H2_QQQ_base_a2dcd313,H2,QQQ,train,base,"{""budget_pct"": 0.15, ""dte_hi"": 70, ""dte_lo"": 40, ""dte_target"": 60, ""roll_dte"": 21, ""target_delta"": 0.35}",2018-08-01,2022-12-31,0.2696,0.3898,0.79,0.91,-0.3988,0.68,274,-0.1417,-0.2204,-0.2096,28649.19,35,0.543,2167.09,-1457.02,1.77,510.36,-3754.5,30.0
H2_QQQ_base_693674c5,H2,QQQ,train,base,"{""band"": 0.01, ""budget_pct"": 0.1, ""dte_hi"": 70, ""dte_lo"": 40, ""dte_target"": 60, ""extra_lag"": 0, ""roll_dte"": 21, ""target_delta"": 0.4}",2018-08-01,2022-12-31,0.172,0.2293,0.77,0.85,-0.2755,0.62,274,-0.0823,-0.1567,-0.1077,20136.26,36,0.583,931.14,-671.97,1.94,263.18,-1154.3,28.5
H2_QQQ_base_27e016e3,H2,QQQ,train,base,"{""band"": 0.01, ""budget_pct"": 0.1, ""dte_hi"": 55, ""dte_lo"": 25, ""dte_target"": 45, ""extra_lag"": 0, ""roll_dte"": 30, ""target_delta"": 0.4}",2018-08-01,2022-12-31,0.2441,0.2272,1.04,1.44,-0.2027,1.2,274,-0.0711,-0.0739,-0.1395,26203.15,77,0.532,1034.92,-749.83,1.57,200.49,-2126.7,14.0
H2_QQQ_base_5712cc66,H2,QQQ,train,base,"{""band"": 0.01, ""budget_pct"": 0.1, ""dte_hi"": 70, ""dte_lo"": 40, ""dte_target"": 60, ""extra_lag"": 0, ""roll_dte"": 14, ""target_delta"": 0.5}",2018-08-01,2022-12-31,0.2415,0.1793,1.25,1.5,-0.1837,1.31,274,-0.0726,-0.0681,-0.0878,25968.57,29,0.552,1610.44,-812.42,2.44,524.33,-1491.8,37.0
H2_QQQ_base_3e711f22,H2,QQQ,train,base,"{""band"": 0.01, ""budget_pct"": 0.1, ""dte_hi"": 55, ""dte_lo"": 25, ""dte_target"": 45, ""extra_lag"": 0, ""roll_dte"": 21, ""target_delta"": 0.4}",2018-08-01,2022-12-31,0.2023,0.2506,0.83,1.01,-0.2591,0.78,274,-0.0831,-0.1351,-0.1139,22540.4,51,0.471,1294.03,-711.5,1.62,232.28,-1707.45,21.0
H2_QQQ_base_c52a353f,H2,QQQ,train,base,"{""band"": 0.01, ""budget_pct"": 0.1, ""dte_hi"": 55, ""dte_lo"": 25, ""dte_target"": 45, ""extra_lag"": 0, ""roll_dte"": 30, ""target_delta"": 0.6}",2018-08-01,2022-12-31,0.1534,0.1466,0.99,1.2,-0.1331,1.15,305,-0.0625,-0.0467,-0.0867,18769.56,72,0.597,483.64,-436.26,1.64,113.12,-1532.15,14.0
H2_QQQ_base_8062ab04,H2,QQQ,train,base,"{""band"": 0.01, ""budget_pct"": 0.1, ""dte_hi"": 70, ""dte_lo"": 40, ""dte_target"": 60, ""extra_lag"": 1, ""roll_dte"": 21, ""target_delta"": 0.5}",2018-08-01,2022-12-31,0.1345,0.1803,0.74,0.8,-0.1846,0.73,326,-0.085,-0.0842,-0.0982,17443.73,34,0.647,685.27,-686.4,1.83,201.15,-1442.4,32.0
H2_QQQ_base_63440bb6,H2,QQQ,train,base,"{""band"": 0.01, ""budget_pct"": 0.1, ""dte_hi"": 55, ""dte_lo"": 25, ""dte_target"": 45, ""extra_lag"": 0, ""roll_dte"": 21, ""target_delta"": 0.5}",2018-08-01,2022-12-31,0.1188,0.1849,0.65,0.76,-0.207,0.57,339,-0.0666,-0.0795,-0.1198,16406.76,50,0.5,693.33,-459.97,1.51,116.68,-1090.65,21.0
H2_QQQ_base_27d6af57,H2,QQQ,train,base,"{""band"": 0.01, ""budget_pct"": 0.1, ""dte_hi"": 70, ""dte_lo"": 40, ""dte_target"": 60, ""extra_lag"": 0, ""roll_dte"": 30, ""target_delta"": 0.5}",2018-08-01,2022-12-31,0.1335,0.1568,0.82,0.94,-0.2045,0.65,313,-0.0668,-0.0701,-0.1096,17381.55,41,0.537,776.19,-542.19,1.66,165.23,-1149.9,28.0
H2_QQQ_conservative_dd7cfd42,H2,QQQ,train,conservative,"{""affordable_floor"": 0.3, ""band"": 0.01, ""budget_pct"": 0.1, ""dte_hi"": 70, ""dte_lo"": 40, ""dte_target"": 60, ""roll_dte"": 21, ""target_delta"": 0.5}",2018-08-01,2022-12-31,0.1196,0.1902,0.64,0.69,-0.2183,0.55,274,-0.0888,-0.1079,-0.1323,16456.73,36,0.639,663.61,-722.31,1.63,163.14,-1444.0,28.5
H2_QQQ_conservative_e0d597a9,H2,QQQ,train,conservative,"{""affordable_floor"": 0.3, ""band"": 0.01, ""budget_pct"": 0.1, ""dte_hi"": 70, ""dte_lo"": 40, ""dte_target"": 60, ""roll_dte"": 21, ""target_delta"": 0.5, ""use_brake"": true}",2018-08-01,2022-12-31,0.093,0.1835,0.52,0.56,-0.1981,0.47,285,-0.0907,-0.1079,-0.1061,14797.1,36,0.611,589.09,-622.86,1.49,117.78,-1331.0,28.5
H2_QQQ_conservative_1fc1388e,H2,QQQ,train,conservative,"{""budget_pct"": 0.1, ""dte_hi"": 70, ""dte_lo"": 40, ""dte_target"": 60, ""roll_dte"": 21, ""target_delta"": 0.5}",2018-08-01,2022-12-31,0.1357,0.185,0.73,0.8,-0.2032,0.67,274,-0.0821,-0.0799,-0.1224,17520.84,35,0.657,683.61,-734.17,1.78,197.51,-1444.0,29.0
H2_QQQ_optimistic_1fc1388e,H2,QQQ,train,optimistic,"{""budget_pct"": 0.1, ""dte_hi"": 70, ""dte_lo"": 40, ""dte_target"": 60, ""roll_dte"": 21, ""target_delta"": 0.5}",2018-08-01,2022-12-31,0.1411,0.1827,0.77,0.84,-0.1987,0.71,274,-0.0812,-0.0791,-0.1196,17903.12,35,0.657,695.32,-725.46,1.84,208.19,-1434.9,29.0
H2_QQQ_stress_8b907f56,H2,QQQ,train,stress,"{""band"": 0.01, ""budget_pct"": 0.1, ""dte_hi"": 70, ""dte_lo"": 40, ""dte_target"": 60, ""extra_lag"": 0, ""roll_dte"": 21, ""target_delta"": 0.5}",2018-08-01,2022-12-31,0.122,0.1869,0.66,0.73,-0.2063,0.59,284,-0.0829,-0.0808,-0.1239,16593.81,35,0.657,655.78,-756.67,1.66,171.51,-1450.0,29.0
H2_QQQ_base_f7405f60,H2,QQQ,valid,base,"{""affordable_floor"": 0.3, ""band"": 0.01, ""budget_pct"": 0.1, ""dte_hi"": 70, ""dte_lo"": 40, ""dte_target"": 60, ""roll_dte"": 21, ""target_delta"": 0.5, ""use_brake"": true}",2023-01-01,2024-12-31,0.3698,0.3236,0.99,1.44,-0.1942,1.9,120,-0.1459,-0.0833,-0.0777,18723.09,17,0.529,1375.21,-618.81,2.5,436.85,-1292.9,42.0
H2_QQQ_base_e64dff59,H2,QQQ,valid,base,"{""affordable_floor"": 0.3, ""band"": 0.01, ""budget_pct"": 0.1, ""dte_hi"": 70, ""dte_lo"": 40, ""dte_target"": 60, ""roll_dte"": 21, ""target_delta"": 0.5}",2023-01-01,2024-12-31,0.4067,0.3269,1.07,1.61,-0.1902,2.14,120,-0.1355,-0.1257,-0.0777,19741.53,17,0.588,1333.38,-703.15,2.71,494.81,-1292.9,42.0
H2_QQQ_conservative_e64dff59,H2,QQQ,valid,conservative,"{""affordable_floor"": 0.3, ""band"": 0.01, ""budget_pct"": 0.1, ""dte_hi"": 70, ""dte_lo"": 40, ""dte_target"": 60, ""roll_dte"": 21, ""target_delta"": 0.5}",2023-01-01,2024-12-31,0.4017,0.3278,1.05,1.59,-0.1916,2.1,120,-0.1359,-0.1261,-0.0782,19602.19,17,0.529,1471.56,-619.88,2.67,487.35,-1297.0,42.0
H2_QQQ_conservative_f7405f60,H2,QQQ,valid,conservative,"{""affordable_floor"": 0.3, ""band"": 0.01, ""budget_pct"": 0.1, ""dte_hi"": 70, ""dte_lo"": 40, ""dte_target"": 60, ""roll_dte"": 21, ""target_delta"": 0.5, ""use_brake"": true}",2023-01-01,2024-12-31,0.3645,0.3246,0.98,1.42,-0.1954,1.87,120,-0.1464,-0.0837,-0.0782,18578.91,17,0.529,1365.78,-624.62,2.46,429.12,-1297.0,42.0
H2_QQQ_optimistic_e64dff59,H2,QQQ,valid,optimistic,"{""affordable_floor"": 0.3, ""band"": 0.01, ""budget_pct"": 0.1, ""dte_hi"": 70, ""dte_lo"": 40, ""dte_target"": 60, ""roll_dte"": 21, ""target_delta"": 0.5}",2023-01-01,2024-12-31,0.4118,0.3267,1.08,1.63,-0.1894,2.17,120,-0.1353,-0.1255,-0.0775,19885.55,17,0.588,1345.15,-700.61,2.74,502.78,-1291.4,42.0
H2_SPY_base_25a98f61,H2,SPY,train,base,"{""band"": 0.02, ""budget_pct"": 0.1, ""dte_hi"": 70, ""dte_lo"": 40, ""dte_target"": 60, ""extra_lag"": 0, ""roll_dte"": 21, ""target_delta"": 0.5}",2018-08-01,2022-12-31,0.0201,0.1769,0.14,0.15,-0.2648,0.08,324,-0.0865,-0.1119,-0.1124,10912.6,34,0.471,567.39,-481.52,1.05,12.08,-1215.15,29.0
H2_SPY_base_51ee51fa,H2,SPY,train,base,"{""band"": 0.01, ""budget_pct"": 0.12, ""dte_hi"": 70, ""dte_lo"": 40, ""dte_target"": 60, ""extra_lag"": 0, ""roll_dte"": 21, ""target_delta"": 0.5}",2018-08-01,2022-12-31,-0.0033,0.209,0.04,0.04,-0.2771,-0.01,423,-0.0901,-0.1106,-0.115,9850.89,38,0.474,579.6,-553.37,0.94,-16.7,-1222.9,28.0
H2_SPY_base_4ff18f07,H2,SPY,train,base,"{""band"": 0.01, ""budget_pct"": 0.1, ""dte_hi"": 70, ""dte_lo"": 40, ""dte_target"": 60, ""extra_lag"": 0, ""roll_dte"": 21, ""target_delta"": 0.6}",2018-08-01,2022-12-31,0.0011,0.1061,-0.04,-0.03,-0.1957,0.01,738,-0.0414,-0.0947,-0.0809,10047.38,18,0.444,523.04,-460.62,0.91,-23.44,-909.4,28.0
H2_SPY_base_27e016e3,H2,SPY,train,base,"{""band"": 0.01, ""budget_pct"": 0.1, ""dte_hi"": 55, ""dte_lo"": 25, ""dte_target"": 45, ""extra_lag"": 0, ""roll_dte"": 30, ""target_delta"": 0.4}",2018-08-01,2022-12-31,0.1285,0.2078,0.64,0.89,-0.2345,0.55,306,-0.0621,-0.0696,-0.1427,17043.27,78,0.538,667.54,-600.33,1.3,82.37,-1349.3,14.0
H2_SPY_base_6f9094f2,H2,SPY,train,base,"{""budget_pct"": 0.06, ""dte_hi"": 70, ""dte_lo"": 40, ""dte_target"": 60, ""roll_dte"": 21, ""target_delta"": 0.65}",2018-08-01,2022-12-31,0.0123,0.0142,0.09,0.02,-0.0175,0.7,194,-0.0094,-0.0155,0.0,10552.87,1,1.0,43.6,0.0,inf,43.6,43.6,23.0
H2_SPY_base_a2a95139,H2,SPY,train,base,"{""budget_pct"": 0.1, ""dte_hi"": 70, ""dte_lo"": 40, ""dte_target"": 60, ""roll_dte"": 21, ""target_delta"": 0.8}",2018-08-01,2022-12-31,0.0113,0.001,0.15,,-0.0,11662.33,2,-0.0,0.0,0.0,10507.96,0,,,,,,,
H2_SPY_base_463ebff5,H2,SPY,train,base,"{""budget_pct"": 0.06, ""dte_hi"": 70, ""dte_lo"": 40, ""dte_target"": 60, ""roll_dte"": 21, ""target_delta"": 0.35}",2018-08-01,2022-12-31,0.0172,0.145,0.11,0.13,-0.1823,0.09,321,-0.0776,-0.0702,-0.0948,10780.5,38,0.421,451.05,-315.82,1.04,7.08,-649.15,28.0
H2_SPY_base_587871a3,H2,SPY,train,base,"{""budget_pct"": 0.15, ""dte_hi"": 70, ""dte_lo"": 40, ""dte_target"": 60, ""roll_dte"": 21, ""target_delta"": 0.8}",2018-08-01,2022-12-31,0.0196,0.0759,0.15,0.08,-0.1849,0.11,343,-0.0434,-0.079,-0.1246,10892.58,7,0.714,414.4,-831.65,1.25,58.39,-1169.9,31.0
H2_SPY_base_a884a0ea,H2,SPY,train,base,"{""budget_pct"": 0.15, ""dte_hi"": 70, ""dte_lo"": 40, ""dte_target"": 60, ""roll_dte"": 21, ""target_delta"": 0.65}",2018-08-01,2022-12-31,0.0178,0.1681,0.12,0.11,-0.2724,0.07,720,-0.0954,-0.1619,-0.1054,10806.75,26,0.5,609.79,-585.07,1.04,12.36,-1217.4,28.5
H2_SPY_base_63440bb6,H2,SPY,train,base,"{""band"": 0.01, ""budget_pct"": 0.1, ""dte_hi"": 55, ""dte_lo"": 25, ""dte_target"": 45, ""extra_lag"": 0, ""roll_dte"": 21, ""target_delta"": 0.5}",2018-08-01,2022-12-31,0.0786,0.1757,0.46,0.55,-0.169,0.46,327,-0.0814,-0.0762,-0.1125,13958.79,53,0.547,500.93,-463.72,1.31,64.11,-969.4,21.0
H2_SPY_base_db2e7a41,H2,SPY,train,base,"{""band"": 0.01, ""budget_pct"": 0.08, ""dte_hi"": 70, ""dte_lo"": 40, ""dte_target"": 60, ""extra_lag"": 0, ""roll_dte"": 21, ""target_delta"": 0.5}",2018-08-01,2022-12-31,0.0245,0.1149,0.17,0.14,-0.1886,0.13,720,-0.0703,-0.1132,-0.0802,11127.15,21,0.524,436.87,-417.8,1.15,29.89,-750.9,30.0
H2_SPY_base_a2dcd313,H2,SPY,train,base,"{""budget_pct"": 0.15, ""dte_hi"": 70, ""dte_lo"": 40, ""dte_target"": 60, ""roll_dte"": 21, ""target_delta"": 0.35}",2018-08-01,2022-12-31,0.0262,0.37,0.23,0.26,-0.4084,0.06,427,-0.1773,-0.2337,-0.1813,11199.61,38,0.447,1161.06,-906.33,1.04,18.56,-1947.45,28.0
H2_SPY_base_e5783a1b,H2,SPY,train,base,"{""band"": 0.01, ""budget_pct"": 0.1, ""dte_hi"": 70, ""dte_lo"": 40, ""dte_target"": 60, ""extra_lag"": 0, ""roll_dte"": 14, ""target_delta"": 0.6}",2018-08-01,2022-12-31,0.0639,0.1306,0.46,0.42,-0.1964,0.33,336,-0.0608,-0.0749,-0.0888,13141.79,20,0.6,575.62,-537.21,1.61,130.49,-1059.4,38.0
H2_SPY_base_8062ab04,H2,SPY,train,base,"{""band"": 0.01, ""budget_pct"": 0.1, ""dte_hi"": 70, ""dte_lo"": 40, ""dte_target"": 60, ""extra_lag"": 1, ""roll_dte"": 21, ""target_delta"": 0.5}",2018-08-01,2022-12-31,0.0106,0.176,0.09,0.09,-0.249,0.04,428,-0.0908,-0.1103,-0.1202,10471.77,33,0.455,566.22,-473.61,1.0,-0.96,-1230.15,31.0
H2_SPY_base_693674c5,H2,SPY,train,base,"{""band"": 0.01, ""budget_pct"": 0.1, ""dte_hi"": 70, ""dte_lo"": 40, ""dte_target"": 60, ""extra_lag"": 0, ""roll_dte"": 21, ""target_delta"": 0.4}",2018-08-01,2022-12-31,0.0778,0.2051,0.42,0.48,-0.2497,0.31,309,-0.0783,-0.1481,-0.0955,13911.6,38,0.474,760.37,-516.86,1.32,88.14,-982.3,28.0
H2_SPY_base_3e711f22,H2,SPY,train,base,"{""band"": 0.01, ""budget_pct"": 0.1, ""dte_hi"": 55, ""dte_lo"": 25, ""dte_target"": 45, ""extra_lag"": 0, ""roll_dte"": 21, ""target_delta"": 0.4}",2018-08-01,2022-12-31,0.114,0.2243,0.55,0.72,-0.2399,0.48,327,-0.0636,-0.0677,-0.144,16095.79,54,0.574,671.45,-665.78,1.36,101.89,-1260.3,21.0
H2_SPY_base_0ba8db84,H2,SPY,train,base,"{""budget_pct"": 0.06, ""dte_hi"": 70, ""dte_lo"": 40, ""dte_target"": 60, ""roll_dte"": 21, ""target_delta"": 0.8}",2018-08-01,2022-12-31,0.0113,0.001,0.15,,-0.0,11662.33,2,-0.0,0.0,0.0,10507.96,0,,,,,,,
H2_SPY_base_6d8e24e3,H2,SPY,train,base,"{""band"": 0.01, ""budget_pct"": 0.1, ""dte_hi"": 70, ""dte_lo"": 40, ""dte_target"": 60, ""extra_lag"": 0, ""roll_dte"": 30, ""target_delta"": 0.4}",2018-08-01,2022-12-31,0.0639,0.1785,0.38,0.48,-0.2321,0.28,328,-0.0678,-0.0632,-0.1332,13137.67,44,0.5,573.17,-455.07,1.26,59.05,-1093.95,28.0
H2_SPY_base_87f2afb3,H2,SPY,train,base,"{""budget_pct"": 0.15, ""dte_hi"": 70, ""dte_lo"": 40, ""dte_target"": 60, ""roll_dte"": 21, ""target_delta"": 0.5}",2018-08-01,2022-12-31,0.1024,0.2493,0.47,0.55,-0.3162,0.32,310,-0.0882,-0.196,-0.1173,15364.77,38,0.5,1038.31,-786.16,1.32,126.07,-1719.8,28.0
H2_SPY_base_5f86e700,H2,SPY,train,base,"{""budget_pct"": 0.1, ""dte_hi"": 70, ""dte_lo"": 40, ""dte_target"": 60, ""roll_dte"": 21, ""target_delta"": 0.35}",2018-08-01,2022-12-31,0.0584,0.2338,0.31,0.37,-0.2506,0.23,325,-0.1242,-0.1344,-0.0969,12843.68,38,0.447,833.8,-565.01,1.19,60.78,-1298.3,28.0
H2_SPY_base_27d6af57,H2,SPY,train,base,"{""band"": 0.01, ""budget_pct"": 0.1, ""dte_hi"": 70, ""dte_lo"": 40, ""dte_target"": 60, ""extra_lag"": 0, ""roll_dte"": 30, ""target_delta"": 0.5}",2018-08-01,2022-12-31,0.0628,0.1595,0.39,0.45,-0.2468,0.25,336,-0.0859,-0.0805,-0.1233,13078.67,44,0.545,498.31,-471.18,1.27,57.64,-862.9,28.0
H2_SPY_base_ac2ae6e7,H2,SPY,train,base,"{""band"": 0.01, ""budget_pct"": 0.1, ""dte_hi"": 70, ""dte_lo"": 40, ""dte_target"": 60, ""extra_lag"": 2, ""roll_dte"": 21, ""target_delta"": 0.5}",2018-08-01,2022-12-31,0.0195,0.175,0.14,0.14,-0.2335,0.08,310,-0.085,-0.11,-0.1128,10885.62,34,0.441,590.84,-446.61,1.04,11.09,-1215.15,31.5
H2_SPY_base_f680284e,H2,SPY,train,base,"{""budget_pct"": 0.06, ""dte_hi"": 70, ""dte_lo"": 40, ""dte_target"": 60, ""roll_dte"": 21, ""target_delta"": 0.5}",2018-08-01,2022-12-31,0.0139,0.0751,0.07,0.06,-0.1169,0.12,738,-0.0299,-0.053,-0.0553,10628.02,14,0.429,441.43,-314.52,1.05,9.46,-623.9,31.5
H2_SPY_base_2396555e,H2,SPY,train,base,"{""band"": 0.01, ""budget_pct"": 0.1, ""dte_hi"": 70, ""dte_lo"": 40, ""dte_target"": 60, ""extra_lag"": 0, ""roll_dte"": 30, ""target_delta"": 0.6}",2018-08-01,2022-12-31,-0.0126,0.1077,-0.17,-0.13,-0.236,-0.05,720,-0.0613,-0.0553,-0.1123,9452.39,23,0.435,483.5,-449.52,0.83,-43.86,-830.15,28.0
H2_SPY_base_102c5871,H2,SPY,train,base,"{""band"": 0.01, ""budget_pct"": 0.06, ""dte_hi"": 70, ""dte_lo"": 40, ""dte_target"": 60, ""extra_lag"": 0, ""roll_dte"": 21, ""target_delta"": 0.5}",2018-08-01,2022-12-31,0.0139,0.0751,0.07,0.06,-0.1169,0.12,738,-0.0299,-0.053,-0.0553,10628.02,14,0.429,441.43,-314.52,1.05,9.46,-623.9,31.5
H2_SPY_base_06f602a4,H2,SPY,train,base,"{""band"": 0.01, ""budget_pct"": 0.1, ""dte_hi"": 70, ""dte_lo"": 40, ""dte_target"": 60, ""extra_lag"": 0, ""roll_dte"": 14, ""target_delta"": 0.4}",2018-08-01,2022-12-31,0.0442,0.2041,0.26,0.31,-0.2227,0.2,335,-0.07,-0.1093,-0.1113,12097.9,31,0.387,917.68,-496.84,1.17,50.72,-1056.8,41.0
H2_SPY_base_c2ef2164,H2,SPY,train,base,"{""band"": 0.0, ""budget_pct"": 0.1, ""dte_hi"": 70, ""dte_lo"": 40, ""dte_target"": 60, ""extra_lag"": 0, ""roll_dte"": 21, ""target_delta"": 0.5}",2018-08-01,2022-12-31,0.0106,0.1805,0.09,0.09,-0.2323,0.05,358,-0.0935,-0.1158,-0.1161,10472.29,37,0.486,495.62,-470.4,1.0,-0.44,-1196.15,28.0
H2_SPY_base_b414b7b6,H2,SPY,train,base,"{""band"": 0.01, ""budget_pct"": 0.1, ""dte_hi"": 55, ""dte_lo"": 25, ""dte_target"": 45, ""extra_lag"": 0, ""roll_dte"": 30, ""target_delta"": 0.5}",2018-08-01,2022-12-31,0.0679,0.1736,0.4,0.49,-0.195,0.35,310,-0.0845,-0.0792,-0.1108,13362.69,78,0.551,429.27,-447.08,1.18,36.03,-973.4,14.0
H2_SPY_base_ecf5fc12,H2,SPY,train,base,"{""band"": 0.01, ""budget_pct"": 0.1, ""dte_hi"": 55, ""dte_lo"": 25, ""dte_target"": 45, ""extra_lag"": 0, ""roll_dte"": 14, ""target_delta"": 0.6}",2018-08-01,2022-12-31,0.0811,0.1594,0.5,0.58,-0.2064,0.39,310,-0.049,-0.1284,-0.1271,14105.91,37,0.486,694.1,-469.83,1.4,96.4,-1299.65,28.0
H2_SPY_base_780f0db7,H2,SPY,train,base,"{""budget_pct"": 0.1, ""dte_hi"": 70, ""dte_lo"": 40, ""dte_target"": 60, ""roll_dte"": 21, ""target_delta"": 0.65}",2018-08-01,2022-12-31,-0.0034,0.0964,-0.1,-0.08,-0.1819,-0.02,738,-0.0342,-0.075,-0.0941,9848.32,14,0.5,521.64,-611.19,0.85,-44.77,-1041.4,37.5
H2_SPY_base_c52a353f,H2,SPY,train,base,"{""band"": 0.01, ""budget_pct"": 0.1, ""dte_hi"": 55, ""dte_lo"": 25, ""dte_target"": 45, ""extra_lag"": 0, ""roll_dte"": 30, ""target_delta"": 0.6}",2018-08-01,2022-12-31,0.0699,0.1425,0.47,0.53,-0.1909,0.37,324,-0.039,-0.0521,-0.1193,13472.34,64,0.594,361.91,-415.54,1.27,46.07,-915.15,14.0
H2_SPY_base_8b907f56,H2,SPY,train,base,"{""band"": 0.01, ""budget_pct"": 0.1, ""dte_hi"": 70, ""dte_lo"": 40, ""dte_target"": 60, ""extra_lag"": 0, ""roll_dte"": 21, ""target_delta"": 0.5}",2018-08-01,2022-12-31,0.0227,0.1772,0.15,0.16,-0.258,0.09,310,-0.0855,-0.1103,-0.111,11038.05,36,0.472,541.02,-456.54,1.06,14.53,-1222.9,28.5
H2_SPY_base_51c1779c,H2,SPY,train,base,"{""band"": 0.01, ""budget_pct"": 0.1, ""dte_hi"": 55, ""dte_lo"": 25, ""dte_target"": 45, ""extra_lag"": 0, ""roll_dte"": 21, ""target_delta"": 0.6}",2018-08-01,2022-12-31,0.0708,0.1606,0.44,0.48,-0.2175,0.33,295,-0.0708,-0.0645,-0.1106,13522.66,45,0.533,552.53,-489.04,1.29,66.46,-1388.9,21.0
H2_SPY_base_a0e05b4c,H2,SPY,train,base,"{""band"": 0.01, ""budget_pct"": 0.1, ""dte_hi"": 55, ""dte_lo"": 25, ""dte_target"": 45, ""extra_lag"": 0, ""roll_dte"": 14, ""target_delta"": 0.5}",2018-08-01,2022-12-31,0.054,0.1956,0.31,0.36,-0.2486,0.22,252,-0.0847,-0.0873,-0.1176,12607.86,43,0.465,700.89,-519.81,1.17,47.96,-1076.8,28.0
H2_SPY_base_1fc1388e,H2,SPY,train,base,"{""budget_pct"": 0.1, ""dte_hi"": 70, ""dte_lo"": 40, ""dte_target"": 60, ""roll_dte"": 21, ""target_delta"": 0.5}",2018-08-01,2022-12-31,0.0227,0.1772,0.15,0.16,-0.258,0.09,310,-0.0855,-0.1103,-0.111,11038.05,36,0.472,541.02,-456.54,1.06,14.53,-1222.9,28.5
H2_SPY_base_5712cc66,H2,SPY,train,base,"{""band"": 0.01, ""budget_pct"": 0.1, ""dte_hi"": 70, ""dte_lo"": 40, ""dte_target"": 60, ""extra_lag"": 0, ""roll_dte"": 14, ""target_delta"": 0.5}",2018-08-01,2022-12-31,0.0638,0.1785,0.38,0.42,-0.2378,0.27,321,-0.0849,-0.083,-0.1128,13135.3,31,0.484,713.73,-507.66,1.32,83.34,-1284.4,41.0
H2_SPY_base_cec22b76,H2,SPY,train,base,"{""band"": 0.01, ""budget_pct"": 0.1, ""dte_hi"": 55, ""dte_lo"": 25, ""dte_target"": 45, ""extra_lag"": 0, ""roll_dte"": 14, ""target_delta"": 0.4}",2018-08-01,2022-12-31,0.0197,0.2409,0.16,0.18,-0.2928,0.07,644,-0.0918,-0.161,-0.1376,10894.89,43,0.442,699.68,-536.75,1.03,9.58,-906.8,28.0
H2_SPY_conservative_1fc1388e,H2,SPY,train,conservative,"{""budget_pct"": 0.1, ""dte_hi"": 70, ""dte_lo"": 40, ""dte_target"": 60, ""roll_dte"": 21, ""target_delta"": 0.5}",2018-08-01,2022-12-31,0.0168,0.1788,0.12,0.13,-0.2656,0.06,310,-0.0861,-0.1112,-0.1127,10751.24,36,0.472,534.88,-465.84,1.03,6.72,-1208.0,28.5
H2_SPY_optimistic_1fc1388e,H2,SPY,train,optimistic,"{""budget_pct"": 0.1, ""dte_hi"": 70, ""dte_lo"": 40, ""dte_target"": 60, ""roll_dte"": 21, ""target_delta"": 0.5}",2018-08-01,2022-12-31,0.011,0.1767,0.09,0.09,-0.233,0.05,310,-0.0852,-0.1099,-0.1119,10490.95,34,0.471,564.64,-502.76,1.0,-0.46,-1202.4,30.0
H2_SPY_stress_8b907f56,H2,SPY,train,stress,"{""band"": 0.01, ""budget_pct"": 0.1, ""dte_hi"": 70, ""dte_lo"": 40, ""dte_target"": 60, ""extra_lag"": 0, ""roll_dte"": 21, ""target_delta"": 0.5}",2018-08-01,2022-12-31,0.0073,0.1784,0.07,0.07,-0.2857,0.03,322,-0.0868,-0.1123,-0.1142,10309.76,36,0.472,528.53,-482.95,0.98,-5.31,-1214.0,28.5
H4_IWM_base_c2cf8486,H4,IWM,train,base,"{""budget_pct"": 0.1, ""dte_hi"": 70, ""dte_lo"": 40, ""dte_target"": 60, ""roll_dte"": 21, ""target_delta"": -0.6}",2018-08-01,2022-12-31,0.0569,0.2006,0.32,0.36,-0.3116,0.18,683,-0.0663,-0.0939,-0.0993,12763.91,39,0.282,1127.04,-365.92,1.21,55.17,-924.9,14.0
H4_QQQ_base_c2cf8486,H4,QQQ,train,base,"{""budget_pct"": 0.1, ""dte_hi"": 70, ""dte_lo"": 40, ""dte_target"": 60, ""roll_dte"": 21, ""target_delta"": -0.6}",2018-08-01,2022-12-31,-0.0151,0.0787,-0.3,-0.13,-0.2071,-0.07,993,-0.0631,-0.0716,-0.0881,9351.98,9,0.222,611.23,-332.79,0.52,-123.01,-768.65,5.0
H4_SPY_base_c2cf8486,H4,SPY,train,base,"{""budget_pct"": 0.1, ""dte_hi"": 70, ""dte_lo"": 40, ""dte_target"": 60, ""roll_dte"": 21, ""target_delta"": -0.6}",2018-08-01,2022-12-31,-0.0179,0.0387,-0.74,-0.12,-0.1175,-0.15,1024,-0.0645,-0.0857,-0.083,9233.51,3,0.0,0.0,-407.57,0.0,-407.57,-821.9,2.0
H5_XLF_base_ec0c9aca,H5,XLF,train,base,"{""budget_frac"": 0.8, ""dte_hi"": 50, ""dte_lo"": 25, ""dte_target"": 35, ""manage_dte"": 7, ""profit_take"": 1.1, ""target_delta"": -0.2}",2018-08-01,2022-12-31,0.0341,0.0638,0.54,0.59,-0.1132,0.3,176,-0.0229,-0.0347,-0.0453,11593.03,33,1.0,25.87,0.0,inf,25.87,9.35,32.0
H5_XLF_base_233feea3,H5,XLF,train,base,"{""budget_frac"": 0.8, ""dte_hi"": 50, ""dte_lo"": 25, ""dte_target"": 35, ""manage_dte"": 7, ""profit_take"": 0.5, ""target_delta"": -0.25}",2018-08-01,2022-12-31,0.0309,0.0684,0.45,0.53,-0.1022,0.3,158,-0.0219,-0.0315,-0.0433,11436.43,45,1.0,22.45,0.0,inf,22.45,6.1,20.0
H5_XLF_base_4e305c35,H5,XLF,train,base,"{""budget_frac"": 0.8, ""dte_hi"": 50, ""dte_lo"": 25, ""dte_target"": 35, ""manage_dte"": 7, ""profit_take"": 1.1, ""target_delta"": -0.25}",2018-08-01,2022-12-31,0.0319,0.0651,0.49,0.55,-0.1024,0.31,160,-0.0223,-0.0319,-0.0439,11480.83,35,1.0,31.52,0.0,inf,31.52,15.55,34.0
H5_XLF_base_06dfc5ec,H5,XLF,train,base,"{""budget_frac"": 0.8, ""dte_hi"": 50, ""dte_lo"": 25, ""dte_target"": 35, ""manage_dte"": 7, ""profit_take"": 1.1, ""target_delta"": -0.3}",2018-08-01,2022-12-31,0.0218,0.0705,0.28,0.32,-0.1182,0.18,182,-0.0229,-0.0398,-0.0459,10997.1,28,1.0,34.41,0.0,inf,34.41,15.55,34.0
H5_XLF_base_9c1b0320,H5,XLF,train,base,"{""budget_frac"": 0.8, ""dte_hi"": 50, ""dte_lo"": 25, ""dte_target"": 35, ""manage_dte"": 7, ""profit_take"": 0.5, ""target_delta"": -0.3}",2018-08-01,2022-12-31,0.0289,0.0716,0.4,0.47,-0.1179,0.24,182,-0.023,-0.039,-0.0461,11335.84,40,1.0,24.93,0.0,inf,24.93,9.55,26.5
H5_XLF_base_6122412d,H5,XLF,train,base,"{""budget_frac"": 0.8, ""dte_hi"": 50, ""dte_lo"": 25, ""dte_target"": 35, ""manage_dte"": 7, ""profit_take"": 0.5, ""target_delta"": -0.2}",2018-08-01,2022-12-31,0.0276,0.0629,0.42,0.48,-0.083,0.33,112,-0.0215,-0.0278,-0.0358,11277.18,52,1.0,18.91,0.0,inf,18.91,5.1,19.0
