exp_id,timestamp_utc,hypothesis,partition,underlying,config,scenario,n,metric,value,ci_lo,ci_hi,verdict,notes
1,2026-07-29T15:34:47+00:00,H1,preval_2000_2017,SPY,H1_dd8_ma20_h21,n/a,1073,fwd_mean_diff_pct,-0.019999999999999907,-0.87,0.95,,"episodes=130, pct_days=23.7"
2,2026-07-29T15:34:47+00:00,H1,preval_2000_2017,SPY,H1_dd8_ma20_h42,n/a,1073,fwd_mean_diff_pct,-0.8299999999999998,-2.95,1.54,,"episodes=130, pct_days=23.7"
3,2026-07-29T15:34:47+00:00,H1,preval_2000_2017,SPY,H1_dd8_ret5_h21,n/a,471,fwd_mean_diff_pct,-0.18999999999999995,-1.4,0.85,,"episodes=170, pct_days=10.4"
4,2026-07-29T15:34:47+00:00,H1,preval_2000_2017,SPY,H1_dd8_ret5_h42,n/a,471,fwd_mean_diff_pct,-0.4999999999999999,-2.94,1.93,,"episodes=170, pct_days=10.4"
5,2026-07-29T15:34:47+00:00,H1,preval_2000_2017,SPY,H1_dd8_zone_h21,n/a,2003,fwd_mean_diff_pct,-0.29,-1.32,0.72,,"episodes=10, pct_days=44.2"
6,2026-07-29T15:34:47+00:00,H1,preval_2000_2017,SPY,H1_dd8_zone_h42,n/a,2003,fwd_mean_diff_pct,-0.74,-2.82,1.35,,"episodes=10, pct_days=44.2"
7,2026-07-29T15:34:47+00:00,H1,preval_2000_2017,SPY,H1_dd10_ma20_h21,n/a,928,fwd_mean_diff_pct,0.08000000000000007,-0.82,1.08,,"episodes=111, pct_days=20.5"
8,2026-07-29T15:34:47+00:00,H1,preval_2000_2017,SPY,H1_dd10_ma20_h42,n/a,928,fwd_mean_diff_pct,-0.7499999999999999,-3.12,1.88,,"episodes=111, pct_days=20.5"
9,2026-07-29T15:34:47+00:00,H1,preval_2000_2017,SPY,H1_dd10_ret5_h21,n/a,416,fwd_mean_diff_pct,-0.11999999999999994,-1.35,0.99,,"episodes=149, pct_days=9.2"
10,2026-07-29T15:34:47+00:00,H1,preval_2000_2017,SPY,H1_dd10_ret5_h42,n/a,416,fwd_mean_diff_pct,-0.31999999999999995,-2.61,2.33,,"episodes=149, pct_days=9.2"
11,2026-07-29T15:34:47+00:00,H1,preval_2000_2017,SPY,H1_dd10_zone_h21,n/a,1758,fwd_mean_diff_pct,-0.30999999999999994,-1.41,0.79,,"episodes=8, pct_days=38.8"
12,2026-07-29T15:34:47+00:00,H1,preval_2000_2017,SPY,H1_dd10_zone_h42,n/a,1758,fwd_mean_diff_pct,-0.71,-3.15,1.5,,"episodes=8, pct_days=38.8"
13,2026-07-29T15:34:47+00:00,H1,preval_2000_2017,SPY,H1_dd15_ma20_h21,n/a,648,fwd_mean_diff_pct,-0.22999999999999998,-1.44,0.94,,"episodes=79, pct_days=14.3"
14,2026-07-29T15:34:47+00:00,H1,preval_2000_2017,SPY,H1_dd15_ma20_h42,n/a,648,fwd_mean_diff_pct,-1.15,-4.14,2.14,,"episodes=79, pct_days=14.3"
15,2026-07-29T15:34:47+00:00,H1,preval_2000_2017,SPY,H1_dd15_ret5_h21,n/a,331,fwd_mean_diff_pct,-0.06999999999999995,-1.55,1.22,,"episodes=110, pct_days=7.3"
16,2026-07-29T15:34:47+00:00,H1,preval_2000_2017,SPY,H1_dd15_ret5_h42,n/a,331,fwd_mean_diff_pct,-0.2899999999999999,-3.1,2.91,,"episodes=110, pct_days=7.3"
17,2026-07-29T15:34:47+00:00,H1,preval_2000_2017,SPY,H1_dd15_zone_h21,n/a,1287,fwd_mean_diff_pct,-0.6599999999999999,-2.12,0.71,,"episodes=5, pct_days=28.4"
18,2026-07-29T15:34:47+00:00,H1,preval_2000_2017,SPY,H1_dd15_zone_h42,n/a,1287,fwd_mean_diff_pct,-1.13,-4.07,1.69,,"episodes=5, pct_days=28.4"
19,2026-07-29T15:34:47+00:00,H2,preval_2000_2017,SPY,H2_above_ma200_h21,n/a,3199,fwd_mean_diff_pct,0.29000000000000004,-0.32,0.86,,"episodes=68, pct_days=70.6"
20,2026-07-29T15:34:47+00:00,H2,preval_2000_2017,SPY,H2_above_ma200_h42,n/a,3199,fwd_mean_diff_pct,0.6400000000000001,-0.45,1.82,,"episodes=68, pct_days=70.6"
21,2026-07-29T15:34:47+00:00,H2,preval_2000_2017,SPY,H2_above_ma200_and_ma50_h21,n/a,2545,fwd_mean_diff_pct,0.040000000000000036,-0.57,0.66,,"episodes=149, pct_days=56.2"
22,2026-07-29T15:34:47+00:00,H2,preval_2000_2017,SPY,H2_above_ma200_and_ma50_h42,n/a,2545,fwd_mean_diff_pct,0.41000000000000014,-0.68,1.6,,"episodes=149, pct_days=56.2"
23,2026-07-29T15:34:47+00:00,H4,preval_2000_2017,SPY,H4_below_ma200_h21,n/a,1327,fwd_mean_diff_pct,-0.72,-2.19,0.52,,"episodes=66, pct_days=29.3"
24,2026-07-29T15:34:47+00:00,H4,preval_2000_2017,SPY,H4_below_ma200_h42,n/a,1327,fwd_mean_diff_pct,-1.54,-4.27,0.93,,"episodes=66, pct_days=29.3"
25,2026-07-29T15:34:47+00:00,H3,preval_2000_2017,SPY,H3_vix_lt_rv20_h21,n/a,715,fwdRV_minus_VIX_diff,0.4700000000000002,-3.11,4.29,,"episodes=117, pct_days=15.8"
26,2026-07-29T15:34:47+00:00,H3,preval_2000_2017,SPY,H3_vix_lt_rv20_h42,n/a,715,fwdRV_minus_VIX_diff,-1.0400000000000005,-4.65,2.54,,"episodes=117, pct_days=15.8"
27,2026-07-29T15:34:47+00:00,H1,preval_2000_2017,QQQ,H1_dd8_ma20_h21,n/a,1669,fwd_mean_diff_pct,-0.12999999999999995,-1.53,1.03,,"episodes=176, pct_days=36.9"
28,2026-07-29T15:34:47+00:00,H1,preval_2000_2017,QQQ,H1_dd8_ma20_h42,n/a,1669,fwd_mean_diff_pct,-0.6499999999999999,-3.22,1.91,,"episodes=176, pct_days=36.9"
29,2026-07-29T15:34:47+00:00,H1,preval_2000_2017,QQQ,H1_dd8_ret5_h21,n/a,831,fwd_mean_diff_pct,-0.5399999999999999,-2.06,0.75,,"episodes=263, pct_days=18.4"
30,2026-07-29T15:34:47+00:00,H1,preval_2000_2017,QQQ,H1_dd8_ret5_h42,n/a,831,fwd_mean_diff_pct,-1.3199999999999998,-4.65,2.21,,"episodes=263, pct_days=18.4"
31,2026-07-29T15:34:47+00:00,H1,preval_2000_2017,QQQ,H1_dd8_zone_h21,n/a,3002,fwd_mean_diff_pct,-0.32999999999999996,-1.58,0.88,,"episodes=14, pct_days=66.3"
32,2026-07-29T15:34:47+00:00,H1,preval_2000_2017,QQQ,H1_dd8_zone_h42,n/a,3002,fwd_mean_diff_pct,-0.7399999999999999,-3.28,1.68,,"episodes=14, pct_days=66.3"
33,2026-07-29T15:34:47+00:00,H1,preval_2000_2017,QQQ,H1_dd10_ma20_h21,n/a,1355,fwd_mean_diff_pct,0.050000000000000044,-1.44,1.34,,"episodes=150, pct_days=29.9"
34,2026-07-29T15:34:47+00:00,H1,preval_2000_2017,QQQ,H1_dd10_ma20_h42,n/a,1355,fwd_mean_diff_pct,-0.4099999999999999,-3.49,2.64,,"episodes=150, pct_days=29.9"
35,2026-07-29T15:34:47+00:00,H1,preval_2000_2017,QQQ,H1_dd10_ret5_h21,n/a,722,fwd_mean_diff_pct,-0.62,-2.29,0.73,,"episodes=220, pct_days=15.9"
36,2026-07-29T15:34:47+00:00,H1,preval_2000_2017,QQQ,H1_dd10_ret5_h42,n/a,722,fwd_mean_diff_pct,-1.44,-5.11,2.49,,"episodes=220, pct_days=15.9"
37,2026-07-29T15:34:47+00:00,H1,preval_2000_2017,QQQ,H1_dd10_zone_h21,n/a,2494,fwd_mean_diff_pct,-0.29999999999999993,-1.74,1.07,,"episodes=12, pct_days=55.1"
38,2026-07-29T15:34:47+00:00,H1,preval_2000_2017,QQQ,H1_dd10_zone_h42,n/a,2494,fwd_mean_diff_pct,-0.69,-3.49,2.15,,"episodes=12, pct_days=55.1"
39,2026-07-29T15:34:47+00:00,H1,preval_2000_2017,QQQ,H1_dd15_ma20_h21,n/a,837,fwd_mean_diff_pct,-0.13999999999999996,-2.07,1.76,,"episodes=97, pct_days=18.5"
40,2026-07-29T15:34:47+00:00,H1,preval_2000_2017,QQQ,H1_dd15_ma20_h42,n/a,837,fwd_mean_diff_pct,-0.43999999999999995,-4.41,4.48,,"episodes=97, pct_days=18.5"
41,2026-07-29T15:34:47+00:00,H1,preval_2000_2017,QQQ,H1_dd15_ret5_h21,n/a,508,fwd_mean_diff_pct,-0.95,-2.91,1.0,,"episodes=148, pct_days=11.2"
42,2026-07-29T15:34:47+00:00,H1,preval_2000_2017,QQQ,H1_dd15_ret5_h42,n/a,508,fwd_mean_diff_pct,-1.8499999999999999,-6.44,3.0,,"episodes=148, pct_days=11.2"
43,2026-07-29T15:34:47+00:00,H1,preval_2000_2017,QQQ,H1_dd15_zone_h21,n/a,1639,fwd_mean_diff_pct,-0.72,-2.46,1.15,,"episodes=7, pct_days=36.2"
44,2026-07-29T15:34:47+00:00,H1,preval_2000_2017,QQQ,H1_dd15_zone_h42,n/a,1639,fwd_mean_diff_pct,-1.25,-5.41,2.44,,"episodes=7, pct_days=36.2"
45,2026-07-29T15:34:47+00:00,H2,preval_2000_2017,QQQ,H2_above_ma200_h21,n/a,3181,fwd_mean_diff_pct,0.3500000000000001,-0.55,1.16,,"episodes=76, pct_days=70.3"
46,2026-07-29T15:34:47+00:00,H2,preval_2000_2017,QQQ,H2_above_ma200_h42,n/a,3181,fwd_mean_diff_pct,0.6800000000000002,-1.04,2.43,,"episodes=76, pct_days=70.3"
47,2026-07-29T15:34:47+00:00,H2,preval_2000_2017,QQQ,H2_above_ma200_and_ma50_h21,n/a,2525,fwd_mean_diff_pct,0.12,-0.89,0.97,,"episodes=145, pct_days=55.8"
48,2026-07-29T15:34:47+00:00,H2,preval_2000_2017,QQQ,H2_above_ma200_and_ma50_h42,n/a,2525,fwd_mean_diff_pct,0.4800000000000002,-1.35,2.3,,"episodes=145, pct_days=55.8"
49,2026-07-29T15:34:47+00:00,H4,preval_2000_2017,QQQ,H4_below_ma200_h21,n/a,1346,fwd_mean_diff_pct,-0.7999999999999999,-3.05,1.3,,"episodes=75, pct_days=29.7"
50,2026-07-29T15:34:47+00:00,H4,preval_2000_2017,QQQ,H4_below_ma200_h42,n/a,1346,fwd_mean_diff_pct,-1.63,-5.59,2.45,,"episodes=75, pct_days=29.7"
51,2026-07-29T15:34:47+00:00,H3,preval_2000_2017,QQQ,H3_vix_lt_rv20_h21,n/a,2392,fwdRV_minus_VIX_diff,4.630000000000001,1.04,8.46,,"episodes=180, pct_days=52.8"
52,2026-07-29T15:34:47+00:00,H3,preval_2000_2017,QQQ,H3_vix_lt_rv20_h42,n/a,2392,fwdRV_minus_VIX_diff,4.73,-0.21,9.42,,"episodes=180, pct_days=52.8"
53,2026-07-29T15:34:47+00:00,H1,preval_2000_2017,IWM,H1_dd8_ma20_h21,n/a,1724,fwd_mean_diff_pct,0.5000000000000001,-0.43,1.43,,"episodes=176, pct_days=38.9"
54,2026-07-29T15:34:47+00:00,H1,preval_2000_2017,IWM,H1_dd8_ma20_h42,n/a,1724,fwd_mean_diff_pct,0.22999999999999998,-1.56,2.3,,"episodes=176, pct_days=38.9"
55,2026-07-29T15:34:47+00:00,H1,preval_2000_2017,IWM,H1_dd8_ret5_h21,n/a,815,fwd_mean_diff_pct,0.38,-0.76,1.41,,"episodes=281, pct_days=18.4"
56,2026-07-29T15:34:47+00:00,H1,preval_2000_2017,IWM,H1_dd8_ret5_h42,n/a,815,fwd_mean_diff_pct,0.48,-1.7,2.34,,"episodes=281, pct_days=18.4"
57,2026-07-29T15:34:47+00:00,H1,preval_2000_2017,IWM,H1_dd8_zone_h21,n/a,2929,fwd_mean_diff_pct,0.29000000000000015,-0.78,1.31,,"episodes=16, pct_days=66.2"
58,2026-07-29T15:34:47+00:00,H1,preval_2000_2017,IWM,H1_dd8_zone_h42,n/a,2929,fwd_mean_diff_pct,0.33999999999999986,-1.61,2.27,,"episodes=16, pct_days=66.2"
59,2026-07-29T15:34:47+00:00,H1,preval_2000_2017,IWM,H1_dd10_ma20_h21,n/a,1411,fwd_mean_diff_pct,0.7800000000000001,-0.15,1.79,,"episodes=149, pct_days=31.9"
60,2026-07-29T15:34:47+00:00,H1,preval_2000_2017,IWM,H1_dd10_ma20_h42,n/a,1411,fwd_mean_diff_pct,0.56,-1.43,2.85,,"episodes=149, pct_days=31.9"
61,2026-07-29T15:34:47+00:00,H1,preval_2000_2017,IWM,H1_dd10_ret5_h21,n/a,694,fwd_mean_diff_pct,0.5400000000000001,-0.68,1.65,,"episodes=244, pct_days=15.7"
62,2026-07-29T15:34:47+00:00,H1,preval_2000_2017,IWM,H1_dd10_ret5_h42,n/a,694,fwd_mean_diff_pct,0.8799999999999999,-1.58,3.14,,"episodes=244, pct_days=15.7"
63,2026-07-29T15:34:47+00:00,H1,preval_2000_2017,IWM,H1_dd10_zone_h21,n/a,2422,fwd_mean_diff_pct,0.37,-0.8,1.54,,"episodes=12, pct_days=54.7"
64,2026-07-29T15:34:47+00:00,H1,preval_2000_2017,IWM,H1_dd10_zone_h42,n/a,2422,fwd_mean_diff_pct,0.6499999999999999,-1.59,2.82,,"episodes=12, pct_days=54.7"
65,2026-07-29T15:34:47+00:00,H1,preval_2000_2017,IWM,H1_dd15_ma20_h21,n/a,856,fwd_mean_diff_pct,0.91,-0.19,2.09,,"episodes=90, pct_days=19.3"
66,2026-07-29T15:34:47+00:00,H1,preval_2000_2017,IWM,H1_dd15_ma20_h42,n/a,856,fwd_mean_diff_pct,0.73,-2.0,3.76,,"episodes=90, pct_days=19.3"
67,2026-07-29T15:34:47+00:00,H1,preval_2000_2017,IWM,H1_dd15_ret5_h21,n/a,461,fwd_mean_diff_pct,0.64,-0.87,2.03,,"episodes=155, pct_days=10.4"
68,2026-07-29T15:34:47+00:00,H1,preval_2000_2017,IWM,H1_dd15_ret5_h42,n/a,461,fwd_mean_diff_pct,0.9899999999999998,-2.0,3.66,,"episodes=155, pct_days=10.4"
69,2026-07-29T15:34:47+00:00,H1,preval_2000_2017,IWM,H1_dd15_zone_h21,n/a,1492,fwd_mean_diff_pct,0.59,-0.86,1.97,,"episodes=8, pct_days=33.7"
70,2026-07-29T15:34:47+00:00,H1,preval_2000_2017,IWM,H1_dd15_zone_h42,n/a,1492,fwd_mean_diff_pct,1.15,-1.65,3.86,,"episodes=8, pct_days=33.7"
71,2026-07-29T15:34:47+00:00,H2,preval_2000_2017,IWM,H2_above_ma200_h21,n/a,2975,fwd_mean_diff_pct,-0.09999999999999998,-0.91,0.69,,"episodes=77, pct_days=67.2"
72,2026-07-29T15:34:47+00:00,H2,preval_2000_2017,IWM,H2_above_ma200_h42,n/a,2975,fwd_mean_diff_pct,-0.28,-1.81,1.41,,"episodes=77, pct_days=67.2"
73,2026-07-29T15:34:47+00:00,H2,preval_2000_2017,IWM,H2_above_ma200_and_ma50_h21,n/a,2337,fwd_mean_diff_pct,-0.2699999999999999,-1.14,0.54,,"episodes=143, pct_days=52.8"
74,2026-07-29T15:34:47+00:00,H2,preval_2000_2017,IWM,H2_above_ma200_and_ma50_h42,n/a,2337,fwd_mean_diff_pct,-0.2400000000000002,-1.81,1.42,,"episodes=143, pct_days=52.8"
75,2026-07-29T15:34:47+00:00,H4,preval_2000_2017,IWM,H4_below_ma200_h21,n/a,1252,fwd_mean_diff_pct,0.5499999999999999,-1.09,1.84,,"episodes=77, pct_days=28.3"
76,2026-07-29T15:34:47+00:00,H4,preval_2000_2017,IWM,H4_below_ma200_h42,n/a,1252,fwd_mean_diff_pct,1.23,-1.69,3.44,,"episodes=77, pct_days=28.3"
77,2026-07-29T15:34:47+00:00,H3,preval_2000_2017,IWM,H3_vix_lt_rv20_h21,n/a,2640,fwdRV_minus_VIX_diff,1.09,-0.63,3.03,,"episodes=210, pct_days=59.6"
78,2026-07-29T15:34:47+00:00,H3,preval_2000_2017,IWM,H3_vix_lt_rv20_h42,n/a,2640,fwdRV_minus_VIX_diff,0.5999999999999999,-1.85,2.98,,"episodes=210, pct_days=59.6"
79,2026-07-29T15:36:47+00:00,H1,preval_2000_2017,IWM,H1_dd10_ma20_h42_tailgt0.1,n/a,1411,tail_prob_diff,0.0415,-0.0245,0.1207,fail,G1 tail-asymmetry arm
80,2026-07-29T15:36:47+00:00,H1,preval_2000_2017,IWM,H1_dd10_ma20_h21_tailgt0.05,n/a,1411,tail_prob_diff,0.0472,-0.0161,0.1157,fail,G1 tail-asymmetry arm
81,2026-07-29T15:36:47+00:00,H1,preval_2000_2017,SPY,H1_dd10_ma20_h42_tailgt0.1,n/a,924,tail_prob_diff,0.0221,-0.0169,0.0791,fail,G1 tail-asymmetry arm
82,2026-07-29T15:36:47+00:00,H1,preval_2000_2017,SPY,H1_dd15_ret5_h42_tailgt0.1,n/a,331,tail_prob_diff,0.0689,0.0073,0.1777,PASS,G1 tail-asymmetry arm
83,2026-07-29T15:36:47+00:00,H2,preval_2000_2017,SPY,H2_above_ma200_h42_taillt-0.1,n/a,3199,tail_prob_diff,-0.0308,-0.0591,-0.0073,PASS,G1 tail-asymmetry arm
84,2026-07-29T15:36:47+00:00,H2,preval_2000_2017,QQQ,H2_above_ma200_h42_taillt-0.1,n/a,3181,tail_prob_diff,-0.0549,-0.1085,-0.0075,PASS,G1 tail-asymmetry arm
85,2026-07-29T15:36:48+00:00,H2,preval_2000_2017,SPY,H2_above_ma200_h21_taillt-0.05,n/a,3199,tail_prob_diff,-0.0468,-0.0831,-0.0134,PASS,G1 tail-asymmetry arm
86,2026-07-29T15:36:48+00:00,H2,preval_2000_2017,QQQ,H2_above_ma200_h21_taillt-0.05,n/a,3181,tail_prob_diff,-0.0477,-0.0951,0.0008,fail,G1 tail-asymmetry arm
87,2026-07-29T15:46:35+00:00,H2,train,SPY,"{""budget_pct"": 0.05, ""dte_hi"": 70, ""dte_lo"": 40, ""dte_target"": 60, ""roll_dte"": 21, ""target_delta"": 0.5}",base,4,ev_per_trade,14.54,,,,run_id=H2_SPY_base_0f413706 cagr=0.0015 sharpe=0.06 maxdd=-0.1099 final=10063.03
88,2026-07-29T15:48:32+00:00,H3,preval_2001_2017,QQQ,VXN_lt_rv20_h21,n/a,589,fwdRV_minus_IV_diff,0.66,-2.22,2.66,fail,fair per-instrument vol index
89,2026-07-29T15:48:33+00:00,H3,preval_2001_2017,IWM,RVX_lt_rv20_h21,n/a,506,fwdRV_minus_IV_diff,-0.66,-4.23,3.67,fail,fair per-instrument vol index
90,2026-07-29T15:48:40+00:00,H1,train,QQQ,"{""budget_pct"": 0.1, ""confirm_ret5"": 0.02, ""dd_thresh"": 0.12, ""dte_hi"": 65, ""dte_lo"": 30, ""dte_target"": 45, ""hold_days"": 40, ""target_delta"": 0.35}",base,15,ev_per_trade,-97.16,-441.11,405.71,,run_id=H1_QQQ_base_b90bbfd7 cagr=-0.0515 sharpe=-0.16 maxdd=-0.4164 final=7917.83
91,2026-07-29T15:48:41+00:00,H1,train,QQQ,"{""budget_pct"": 0.1, ""confirm_ret5"": 0.02, ""dd_thresh"": 0.12, ""dte_hi"": 80, ""dte_lo"": 45, ""dte_target"": 60, ""hold_days"": 60, ""target_delta"": 0.35}",base,11,ev_per_trade,-240.37,-599.73,379.55,,run_id=H1_QQQ_base_57d2766f cagr=-0.0858 sharpe=-0.39 maxdd=-0.4117 final=6730.73
92,2026-07-29T15:48:50+00:00,H1,train,SPY,"{""budget_pct"": 0.1, ""confirm_ret5"": 0.02, ""dd_thresh"": 0.15, ""dte_hi"": 80, ""dte_lo"": 45, ""dte_target"": 60, ""hold_days"": 60, ""target_delta"": 0.35}",base,8,ev_per_trade,290.29,-328.44,627.11,,run_id=H1_SPY_base_a3d6703e cagr=0.0364 sharpe=0.27 maxdd=-0.3151 final=11710.95
93,2026-07-29T15:48:50+00:00,H1,train,SPY,"{""budget_pct"": 0.1, ""confirm_ret5"": 0.02, ""dd_thresh"": 0.15, ""dte_hi"": 65, ""dte_lo"": 30, ""dte_target"": 45, ""hold_days"": 40, ""target_delta"": 0.35}",base,9,ev_per_trade,361.12,19.56,799.46,,run_id=H1_SPY_base_892976a6 cagr=0.0659 sharpe=0.47 maxdd=-0.2166 final=13255.85
94,2026-07-29T15:48:50+00:00,H1,train,SPY,"{""budget_pct"": 0.1, ""confirm_ret5"": 0.02, ""dd_thresh"": 0.12, ""dte_hi"": 65, ""dte_lo"": 30, ""dte_target"": 45, ""hold_days"": 40, ""target_delta"": 0.35}",base,11,ev_per_trade,268.41,-310.91,567.16,,run_id=H1_SPY_base_b90bbfd7 cagr=0.0374 sharpe=0.29 maxdd=-0.2372 final=11758.43
95,2026-07-29T15:48:50+00:00,H1,train,SPY,"{""budget_pct"": 0.1, ""confirm_ret5"": 0.02, ""dd_thresh"": 0.15, ""dte_hi"": 65, ""dte_lo"": 30, ""dte_target"": 45, ""hold_days"": 40, ""target_delta"": 0.5}",base,8,ev_per_trade,85.8,-511.74,694.47,,run_id=H1_SPY_base_23fd8388 cagr=0.0153 sharpe=0.18 maxdd=-0.2628 final=10691.76
96,2026-07-29T15:48:51+00:00,H1,train,SPY,"{""budget_pct"": 0.1, ""confirm_ret5"": 0.02, ""dd_thresh"": 0.12, ""dte_hi"": 80, ""dte_lo"": 45, ""dte_target"": 60, ""hold_days"": 60, ""target_delta"": 0.35}",base,9,ev_per_trade,190.51,-421.75,522.55,,run_id=H1_SPY_base_57d2766f cagr=0.024 sharpe=0.22 maxdd=-0.3545 final=11103.15
97,2026-07-29T15:48:51+00:00,H1,train,SPY,"{""budget_pct"": 0.1, ""confirm_ret5"": 0.02, ""dd_thresh"": 0.12, ""dte_hi"": 65, ""dte_lo"": 30, ""dte_target"": 45, ""hold_days"": 40, ""target_delta"": 0.5}",base,8,ev_per_trade,151.68,-227.86,509.08,,run_id=H1_SPY_base_3f6586dd cagr=0.0072 sharpe=0.12 maxdd=-0.2481 final=10319.65
98,2026-07-29T15:48:51+00:00,H1,train,SPY,"{""budget_pct"": 0.1, ""confirm_ret5"": 0.02, ""dd_thresh"": 0.15, ""dte_hi"": 80, ""dte_lo"": 45, ""dte_target"": 60, ""hold_days"": 60, ""target_delta"": 0.5}",base,4,ev_per_trade,562.1,,,,run_id=H1_SPY_base_3fe81836 cagr=0.0471 sharpe=0.44 maxdd=-0.1563 final=12253.87
99,2026-07-29T15:48:52+00:00,H1,train,SPY,"{""budget_pct"": 0.1, ""confirm_ret5"": 0.02, ""dd_thresh"": 0.12, ""dte_hi"": 80, ""dte_lo"": 45, ""dte_target"": 60, ""hold_days"": 60, ""target_delta"": 0.5}",base,5,ev_per_trade,208.54,,,,run_id=H1_SPY_base_41b72fdb cagr=0.0228 sharpe=0.25 maxdd=-0.2233 final=11047.98
100,2026-07-29T15:49:11+00:00,H1,train,QQQ,"{""budget_pct"": 0.1, ""confirm_ret5"": 0.02, ""dd_thresh"": 0.12, ""dte_hi"": 65, ""dte_lo"": 30, ""dte_target"": 45, ""hold_days"": 40, ""target_delta"": 0.5}",base,12,ev_per_trade,98.82,-366.67,712.14,,run_id=H1_QQQ_base_3f6586dd cagr=0.0019 sharpe=0.1 maxdd=-0.3195 final=10083.96
101,2026-07-29T15:49:12+00:00,H1,train,QQQ,"{""budget_pct"": 0.1, ""confirm_ret5"": 0.02, ""dd_thresh"": 0.12, ""dte_hi"": 80, ""dte_lo"": 45, ""dte_target"": 60, ""hold_days"": 60, ""target_delta"": 0.5}",base,9,ev_per_trade,213.29,-313.21,1235.99,,run_id=H1_QQQ_base_41b72fdb cagr=0.0185 sharpe=0.2 maxdd=-0.2635 final=10843.75
102,2026-07-29T15:49:14+00:00,H1,train,IWM,"{""budget_pct"": 0.1, ""confirm_ret5"": 0.02, ""dd_thresh"": 0.12, ""dte_hi"": 65, ""dte_lo"": 30, ""dte_target"": 45, ""hold_days"": 40, ""target_delta"": 0.5}",base,20,ev_per_trade,77.09,-392.75,608.57,,run_id=H1_IWM_base_3f6586dd cagr=0.0331 sharpe=0.27 maxdd=-0.3055 final=11546.66
103,2026-07-29T15:49:14+00:00,H1,train,IWM,"{""budget_pct"": 0.1, ""confirm_ret5"": 0.02, ""dd_thresh"": 0.12, ""dte_hi"": 65, ""dte_lo"": 30, ""dte_target"": 45, ""hold_days"": 40, ""target_delta"": 0.35}",base,21,ev_per_trade,14.31,-614.18,691.8,,run_id=H1_IWM_base_b90bbfd7 cagr=0.0068 sharpe=0.16 maxdd=-0.4132 final=10305.29
104,2026-07-29T15:49:14+00:00,H1,train,IWM,"{""budget_pct"": 0.1, ""confirm_ret5"": 0.02, ""dd_thresh"": 0.12, ""dte_hi"": 80, ""dte_lo"": 45, ""dte_target"": 60, ""hold_days"": 60, ""target_delta"": 0.35}",base,16,ev_per_trade,11.04,-480.23,629.21,,run_id=H1_IWM_base_57d2766f cagr=0.0041 sharpe=0.14 maxdd=-0.3411 final=10181.13
105,2026-07-29T15:49:14+00:00,H1,train,IWM,"{""budget_pct"": 0.1, ""confirm_ret5"": 0.02, ""dd_thresh"": 0.12, ""dte_hi"": 80, ""dte_lo"": 45, ""dte_target"": 60, ""hold_days"": 60, ""target_delta"": 0.5}",base,16,ev_per_trade,95.66,-347.83,641.58,,run_id=H1_IWM_base_41b72fdb cagr=0.0329 sharpe=0.27 maxdd=-0.2325 final=11535.23
106,2026-07-29T15:49:20+00:00,H1,train,QQQ,"{""budget_pct"": 0.1, ""confirm_ret5"": 0.02, ""dd_thresh"": 0.15, ""dte_hi"": 80, ""dte_lo"": 45, ""dte_target"": 60, ""hold_days"": 60, ""target_delta"": 0.35}",base,8,ev_per_trade,196.69,-771.93,1386.42,,run_id=H1_QQQ_base_a3d6703e cagr=0.0208 sharpe=0.21 maxdd=-0.2888 final=10949.28
107,2026-07-29T15:49:20+00:00,H1,train,QQQ,"{""budget_pct"": 0.1, ""confirm_ret5"": 0.02, ""dd_thresh"": 0.15, ""dte_hi"": 65, ""dte_lo"": 30, ""dte_target"": 45, ""hold_days"": 40, ""target_delta"": 0.35}",base,12,ev_per_trade,-23.25,-638.42,567.03,,run_id=H1_QQQ_base_892976a6 cagr=-0.0212 sharpe=0.0 maxdd=-0.4108 final=9096.69
108,2026-07-29T15:49:20+00:00,H1,train,QQQ,"{""budget_pct"": 0.1, ""confirm_ret5"": 0.02, ""dd_thresh"": 0.15, ""dte_hi"": 80, ""dte_lo"": 45, ""dte_target"": 60, ""hold_days"": 60, ""target_delta"": 0.5}",base,6,ev_per_trade,290.45,,,,run_id=H1_QQQ_base_3fe81836 cagr=0.0147 sharpe=0.18 maxdd=-0.256 final=10666.95
109,2026-07-29T15:49:20+00:00,H1,train,QQQ,"{""budget_pct"": 0.1, ""confirm_ret5"": 0.02, ""dd_thresh"": 0.15, ""dte_hi"": 65, ""dte_lo"": 30, ""dte_target"": 45, ""hold_days"": 40, ""target_delta"": 0.5}",base,11,ev_per_trade,-33.53,-823.29,786.69,,run_id=H1_QQQ_base_23fd8388 cagr=-0.0215 sharpe=-0.05 maxdd=-0.3983 final=9086.3
110,2026-07-29T15:49:34+00:00,H1,train,IWM,"{""budget_pct"": 0.1, ""confirm_ret5"": 0.02, ""dd_thresh"": 0.15, ""dte_hi"": 65, ""dte_lo"": 30, ""dte_target"": 45, ""hold_days"": 40, ""target_delta"": 0.35}",base,16,ev_per_trade,-29.85,-565.34,500.94,,run_id=H1_IWM_base_892976a6 cagr=-0.0109 sharpe=0.1 maxdd=-0.4022 final=9527.27
111,2026-07-29T15:49:35+00:00,H1,train,IWM,"{""budget_pct"": 0.1, ""confirm_ret5"": 0.02, ""dd_thresh"": 0.15, ""dte_hi"": 80, ""dte_lo"": 45, ""dte_target"": 60, ""hold_days"": 60, ""target_delta"": 0.35}",base,13,ev_per_trade,180.37,-164.61,634.82,,run_id=H1_IWM_base_a3d6703e cagr=0.049 sharpe=0.32 maxdd=-0.2721 final=12349.72
112,2026-07-29T15:49:38+00:00,H1,train,IWM,"{""budget_pct"": 0.1, ""confirm_ret5"": 0.02, ""dd_thresh"": 0.15, ""dte_hi"": 65, ""dte_lo"": 30, ""dte_target"": 45, ""hold_days"": 40, ""target_delta"": 0.5}",base,16,ev_per_trade,-46.14,-355.35,280.34,,run_id=H1_IWM_base_23fd8388 cagr=-0.0171 sharpe=-0.01 maxdd=-0.2598 final=9266.17
113,2026-07-29T15:49:38+00:00,H1,train,IWM,"{""budget_pct"": 0.1, ""confirm_ret5"": 0.02, ""dd_thresh"": 0.15, ""dte_hi"": 80, ""dte_lo"": 45, ""dte_target"": 60, ""hold_days"": 60, ""target_delta"": 0.5}",base,13,ev_per_trade,167.41,-88.39,524.75,,run_id=H1_IWM_base_3fe81836 cagr=0.0457 sharpe=0.35 maxdd=-0.1774 final=12181.27
114,2026-07-29T15:49:57+00:00,H2,train,SPY,"{""budget_pct"": 0.1, ""dte_hi"": 70, ""dte_lo"": 40, ""dte_target"": 60, ""roll_dte"": 21, ""target_delta"": 0.35}",base,38,ev_per_trade,72.1,-171.75,319.23,,run_id=H2_SPY_base_5f86e700 cagr=0.0566 sharpe=0.35 maxdd=-0.2613 final=12745.26
115,2026-07-29T15:49:57+00:00,H2,train,SPY,"{""budget_pct"": 0.06, ""dte_hi"": 70, ""dte_lo"": 40, ""dte_target"": 60, ""roll_dte"": 21, ""target_delta"": 0.35}",base,36,ev_per_trade,0.97,-113.22,123.32,,run_id=H2_SPY_base_463ebff5 cagr=0.001 sharpe=0.08 maxdd=-0.201 final=10039.89
116,2026-07-29T15:50:01+00:00,H2,train,SPY,"{""budget_pct"": 0.15, ""dte_hi"": 70, ""dte_lo"": 40, ""dte_target"": 60, ""roll_dte"": 21, ""target_delta"": 0.5}",base,38,ev_per_trade,133.01,-205.55,472.69,,run_id=H2_SPY_base_87f2afb3 cagr=0.0974 sharpe=0.5 maxdd=-0.3233 final=15060.25
117,2026-07-29T15:50:01+00:00,H2,train,SPY,"{""budget_pct"": 0.15, ""dte_hi"": 70, ""dte_lo"": 40, ""dte_target"": 60, ""roll_dte"": 21, ""target_delta"": 0.35}",base,38,ev_per_trade,27.68,-333.22,378.21,,run_id=H2_SPY_base_a2dcd313 cagr=0.0232 sharpe=0.25 maxdd=-0.4174 final=11056.63
118,2026-07-29T15:50:04+00:00,H2,train,SPY,"{""budget_pct"": 0.1, ""dte_hi"": 70, ""dte_lo"": 40, ""dte_target"": 60, ""roll_dte"": 21, ""target_delta"": 0.5}",base,32,ev_per_trade,37.21,-95.78,218.46,,run_id=H2_SPY_base_1fc1388e cagr=0.026 sharpe=0.23 maxdd=-0.1983 final=11195.83
119,2026-07-29T15:50:13+00:00,H2,train,SPY,"{""budget_pct"": 0.06, ""dte_hi"": 70, ""dte_lo"": 40, ""dte_target"": 60, ""roll_dte"": 21, ""target_delta"": 0.5}",base,10,ev_per_trade,41.1,-122.57,186.57,,run_id=H2_SPY_base_f680284e cagr=0.0093 sharpe=0.18 maxdd=-0.1169 final=10415.9
120,2026-07-29T15:51:01+00:00,H1,train,QQQ,"{""budget_pct"": 0.1, ""confirm_ret5"": 0.02, ""dd_thresh"": 0.12, ""dte_hi"": 80, ""dte_lo"": 45, ""dte_target"": 60, ""hold_days"": 60, ""target_delta"": 0.35}",base,11,ev_per_trade,-244.1,-595.45,378.73,,run_id=H1_QQQ_base_57d2766f cagr=-0.0731 sharpe=-0.4 maxdd=-0.3856 final=7154.74
121,2026-07-29T15:51:01+00:00,H1,train,QQQ,"{""budget_pct"": 0.1, ""confirm_ret5"": 0.02, ""dd_thresh"": 0.12, ""dte_hi"": 65, ""dte_lo"": 30, ""dte_target"": 45, ""hold_days"": 40, ""target_delta"": 0.35}",base,15,ev_per_trade,-112.45,-460.7,396.34,,run_id=H1_QQQ_base_b90bbfd7 cagr=-0.0443 sharpe=-0.16 maxdd=-0.4014 final=8188.38
122,2026-07-29T15:51:10+00:00,H1,train,SPY,"{""budget_pct"": 0.1, ""confirm_ret5"": 0.02, ""dd_thresh"": 0.15, ""dte_hi"": 65, ""dte_lo"": 30, ""dte_target"": 45, ""hold_days"": 40, ""target_delta"": 0.5}",base,9,ev_per_trade,4.61,-437.34,605.59,,run_id=H1_SPY_base_23fd8388 cagr=0.013 sharpe=0.08 maxdd=-0.2877 final=10584.61
123,2026-07-29T15:51:10+00:00,H1,train,SPY,"{""budget_pct"": 0.1, ""confirm_ret5"": 0.02, ""dd_thresh"": 0.12, ""dte_hi"": 65, ""dte_lo"": 30, ""dte_target"": 45, ""hold_days"": 40, ""target_delta"": 0.35}",base,11,ev_per_trade,135.08,-454.9,479.97,,run_id=H1_SPY_base_b90bbfd7 cagr=0.0194 sharpe=0.14 maxdd=-0.354 final=10887.13
124,2026-07-29T15:51:10+00:00,H1,train,SPY,"{""budget_pct"": 0.1, ""confirm_ret5"": 0.02, ""dd_thresh"": 0.12, ""dte_hi"": 80, ""dte_lo"": 45, ""dte_target"": 60, ""hold_days"": 60, ""target_delta"": 0.35}",base,9,ev_per_trade,169.72,-419.03,484.63,,run_id=H1_SPY_base_57d2766f cagr=0.0315 sharpe=0.2 maxdd=-0.3427 final=11469.18
125,2026-07-29T15:51:11+00:00,H1,train,SPY,"{""budget_pct"": 0.1, ""confirm_ret5"": 0.02, ""dd_thresh"": 0.15, ""dte_hi"": 65, ""dte_lo"": 30, ""dte_target"": 45, ""hold_days"": 40, ""target_delta"": 0.35}",base,9,ev_per_trade,551.54,275.72,1157.02,,run_id=H1_SPY_base_892976a6 cagr=0.1055 sharpe=0.57 maxdd=-0.2345 final=15569.06
126,2026-07-29T15:51:11+00:00,H1,train,SPY,"{""budget_pct"": 0.1, ""confirm_ret5"": 0.02, ""dd_thresh"": 0.15, ""dte_hi"": 80, ""dte_lo"": 45, ""dte_target"": 60, ""hold_days"": 60, ""target_delta"": 0.35}",base,8,ev_per_trade,262.58,-336.56,605.78,,run_id=H1_SPY_base_a3d6703e cagr=0.0432 sharpe=0.25 maxdd=-0.3056 final=12051.88
127,2026-07-29T15:51:11+00:00,H1,train,SPY,"{""budget_pct"": 0.1, ""confirm_ret5"": 0.02, ""dd_thresh"": 0.12, ""dte_hi"": 80, ""dte_lo"": 45, ""dte_target"": 60, ""hold_days"": 60, ""target_delta"": 0.5}",base,5,ev_per_trade,139.51,,,,run_id=H1_SPY_base_41b72fdb cagr=0.0265 sharpe=0.18 maxdd=-0.2184 final=11224.48
128,2026-07-29T15:51:11+00:00,H1,train,SPY,"{""budget_pct"": 0.1, ""confirm_ret5"": 0.02, ""dd_thresh"": 0.12, ""dte_hi"": 65, ""dte_lo"": 30, ""dte_target"": 45, ""hold_days"": 40, ""target_delta"": 0.5}",base,9,ev_per_trade,21.09,-238.08,394.71,,run_id=H1_SPY_base_3f6586dd cagr=0.0158 sharpe=0.11 maxdd=-0.2415 final=10716.9
129,2026-07-29T15:51:11+00:00,H1,train,SPY,"{""budget_pct"": 0.1, ""confirm_ret5"": 0.02, ""dd_thresh"": 0.15, ""dte_hi"": 80, ""dte_lo"": 45, ""dte_target"": 60, ""hold_days"": 60, ""target_delta"": 0.5}",base,5,ev_per_trade,126.47,,,,run_id=H1_SPY_base_3fe81836 cagr=0.0252 sharpe=0.17 maxdd=-0.2218 final=11159.13
130,2026-07-29T15:51:31+00:00,H1,train,QQQ,"{""budget_pct"": 0.1, ""confirm_ret5"": 0.02, ""dd_thresh"": 0.12, ""dte_hi"": 65, ""dte_lo"": 30, ""dte_target"": 45, ""hold_days"": 40, ""target_delta"": 0.5}",base,13,ev_per_trade,-61.71,-509.73,621.46,,run_id=H1_QQQ_base_3f6586dd cagr=-0.0069 sharpe=-0.02 maxdd=-0.3621 final=9700.55
131,2026-07-29T15:51:33+00:00,H1,train,QQQ,"{""budget_pct"": 0.1, ""confirm_ret5"": 0.02, ""dd_thresh"": 0.12, ""dte_hi"": 80, ""dte_lo"": 45, ""dte_target"": 60, ""hold_days"": 60, ""target_delta"": 0.5}",base,9,ev_per_trade,191.13,-338.58,1210.13,,run_id=H1_QQQ_base_41b72fdb cagr=0.0261 sharpe=0.17 maxdd=-0.2449 final=11204.7
132,2026-07-29T15:51:34+00:00,H1,train,IWM,"{""budget_pct"": 0.1, ""confirm_ret5"": 0.02, ""dd_thresh"": 0.12, ""dte_hi"": 65, ""dte_lo"": 30, ""dte_target"": 45, ""hold_days"": 40, ""target_delta"": 0.35}",base,21,ev_per_trade,3.38,-632.13,690.79,,run_id=H1_IWM_base_b90bbfd7 cagr=0.012 sharpe=0.14 maxdd=-0.4112 final=10542.64
133,2026-07-29T15:51:34+00:00,H1,train,IWM,"{""budget_pct"": 0.1, ""confirm_ret5"": 0.02, ""dd_thresh"": 0.12, ""dte_hi"": 80, ""dte_lo"": 45, ""dte_target"": 60, ""hold_days"": 60, ""target_delta"": 0.35}",base,16,ev_per_trade,159.46,-602.47,1138.4,,run_id=H1_IWM_base_57d2766f cagr=0.0622 sharpe=0.32 maxdd=-0.359 final=13053.98
134,2026-07-29T15:51:35+00:00,H1,train,IWM,"{""budget_pct"": 0.1, ""confirm_ret5"": 0.02, ""dd_thresh"": 0.12, ""dte_hi"": 65, ""dte_lo"": 30, ""dte_target"": 45, ""hold_days"": 40, ""target_delta"": 0.5}",base,20,ev_per_trade,183.14,-432.51,880.38,,run_id=H1_IWM_base_3f6586dd cagr=0.0829 sharpe=0.44 maxdd=-0.3015 final=14210.87
135,2026-07-29T15:51:35+00:00,H1,train,IWM,"{""budget_pct"": 0.1, ""confirm_ret5"": 0.02, ""dd_thresh"": 0.12, ""dte_hi"": 80, ""dte_lo"": 45, ""dte_target"": 60, ""hold_days"": 60, ""target_delta"": 0.5}",base,16,ev_per_trade,75.94,-366.0,620.77,,run_id=H1_IWM_base_41b72fdb cagr=0.0361 sharpe=0.23 maxdd=-0.2264 final=11692.59
136,2026-07-29T15:51:40+00:00,H1,train,QQQ,"{""budget_pct"": 0.1, ""confirm_ret5"": 0.02, ""dd_thresh"": 0.15, ""dte_hi"": 65, ""dte_lo"": 30, ""dte_target"": 45, ""hold_days"": 40, ""target_delta"": 0.35}",base,12,ev_per_trade,-25.52,-642.96,564.76,,run_id=H1_QQQ_base_892976a6 cagr=-0.0085 sharpe=0.01 maxdd=-0.3901 final=9628.39
137,2026-07-29T15:51:40+00:00,H1,train,QQQ,"{""budget_pct"": 0.1, ""confirm_ret5"": 0.02, ""dd_thresh"": 0.15, ""dte_hi"": 80, ""dte_lo"": 45, ""dte_target"": 60, ""hold_days"": 60, ""target_delta"": 0.35}",base,8,ev_per_trade,101.61,-842.76,1315.15,,run_id=H1_QQQ_base_a3d6703e cagr=0.0163 sharpe=0.12 maxdd=-0.3011 final=10737.5
138,2026-07-29T15:51:41+00:00,H1,train,QQQ,"{""budget_pct"": 0.1, ""confirm_ret5"": 0.02, ""dd_thresh"": 0.15, ""dte_hi"": 65, ""dte_lo"": 30, ""dte_target"": 45, ""hold_days"": 40, ""target_delta"": 0.5}",base,11,ev_per_trade,-17.99,-793.13,786.69,,run_id=H1_QQQ_base_23fd8388 cagr=-0.0133 sharpe=-0.07 maxdd=-0.3893 final=9425.59
139,2026-07-29T15:51:41+00:00,H1,train,QQQ,"{""budget_pct"": 0.1, ""confirm_ret5"": 0.02, ""dd_thresh"": 0.15, ""dte_hi"": 80, ""dte_lo"": 45, ""dte_target"": 60, ""hold_days"": 60, ""target_delta"": 0.5}",base,6,ev_per_trade,284.24,,,,run_id=H1_QQQ_base_3fe81836 cagr=0.0262 sharpe=0.18 maxdd=-0.2338 final=11206.8
140,2026-07-29T15:51:54+00:00,H1,train,IWM,"{""budget_pct"": 0.1, ""confirm_ret5"": 0.02, ""dd_thresh"": 0.15, ""dte_hi"": 65, ""dte_lo"": 30, ""dte_target"": 45, ""hold_days"": 40, ""target_delta"": 0.35}",base,16,ev_per_trade,-36.73,-565.36,493.81,,run_id=H1_IWM_base_892976a6 cagr=-0.0022 sharpe=0.09 maxdd=-0.389 final=9901.56
141,2026-07-29T15:51:55+00:00,H1,train,IWM,"{""budget_pct"": 0.1, ""confirm_ret5"": 0.02, ""dd_thresh"": 0.15, ""dte_hi"": 80, ""dte_lo"": 45, ""dte_target"": 60, ""hold_days"": 60, ""target_delta"": 0.35}",base,13,ev_per_trade,162.2,-147.03,621.66,,run_id=H1_IWM_base_a3d6703e cagr=0.0541 sharpe=0.29 maxdd=-0.2899 final=12617.07
142,2026-07-29T15:51:57+00:00,H1,train,IWM,"{""budget_pct"": 0.1, ""confirm_ret5"": 0.02, ""dd_thresh"": 0.15, ""dte_hi"": 65, ""dte_lo"": 30, ""dte_target"": 45, ""hold_days"": 40, ""target_delta"": 0.5}",base,16,ev_per_trade,38.75,-317.66,375.19,,run_id=H1_IWM_base_23fd8388 cagr=0.0245 sharpe=0.16 maxdd=-0.2496 final=11125.14
143,2026-07-29T15:51:57+00:00,H1,train,IWM,"{""budget_pct"": 0.1, ""confirm_ret5"": 0.02, ""dd_thresh"": 0.15, ""dte_hi"": 80, ""dte_lo"": 45, ""dte_target"": 60, ""hold_days"": 60, ""target_delta"": 0.5}",base,13,ev_per_trade,171.33,-76.96,527.25,,run_id=H1_IWM_base_3fe81836 cagr=0.0563 sharpe=0.35 maxdd=-0.1722 final=12732.29
144,2026-07-29T15:52:17+00:00,H2,train,SPY,"{""budget_pct"": 0.06, ""dte_hi"": 70, ""dte_lo"": 40, ""dte_target"": 60, ""roll_dte"": 21, ""target_delta"": 0.35}",base,38,ev_per_trade,7.08,-126.17,147.58,,run_id=H2_SPY_base_463ebff5 cagr=0.0172 sharpe=0.11 maxdd=-0.1823 final=10780.5
145,2026-07-29T15:52:18+00:00,H2,train,SPY,"{""budget_pct"": 0.1, ""dte_hi"": 70, ""dte_lo"": 40, ""dte_target"": 60, ""roll_dte"": 21, ""target_delta"": 0.35}",base,38,ev_per_trade,60.78,-183.25,307.35,,run_id=H2_SPY_base_5f86e700 cagr=0.0584 sharpe=0.31 maxdd=-0.2506 final=12843.68
146,2026-07-29T15:52:22+00:00,H2,train,SPY,"{""budget_pct"": 0.15, ""dte_hi"": 70, ""dte_lo"": 40, ""dte_target"": 60, ""roll_dte"": 21, ""target_delta"": 0.5}",base,38,ev_per_trade,126.07,-206.09,471.28,,run_id=H2_SPY_base_87f2afb3 cagr=0.1024 sharpe=0.47 maxdd=-0.3162 final=15364.77
147,2026-07-29T15:52:22+00:00,H2,train,SPY,"{""budget_pct"": 0.15, ""dte_hi"": 70, ""dte_lo"": 40, ""dte_target"": 60, ""roll_dte"": 21, ""target_delta"": 0.35}",base,38,ev_per_trade,18.56,-343.09,378.82,,run_id=H2_SPY_base_a2dcd313 cagr=0.0262 sharpe=0.23 maxdd=-0.4084 final=11199.61
148,2026-07-29T15:52:24+00:00,H2,train,SPY,"{""budget_pct"": 0.1, ""dte_hi"": 70, ""dte_lo"": 40, ""dte_target"": 60, ""roll_dte"": 21, ""target_delta"": 0.5}",base,36,ev_per_trade,14.53,-171.7,209.07,,run_id=H2_SPY_base_1fc1388e cagr=0.0227 sharpe=0.15 maxdd=-0.258 final=11038.05
149,2026-07-29T15:52:32+00:00,H2,train,SPY,"{""budget_pct"": 0.06, ""dte_hi"": 70, ""dte_lo"": 40, ""dte_target"": 60, ""roll_dte"": 21, ""target_delta"": 0.5}",base,14,ev_per_trade,9.46,-109.48,221.15,,run_id=H2_SPY_base_f680284e cagr=0.0139 sharpe=0.07 maxdd=-0.1169 final=10628.02
150,2026-07-29T15:52:45+00:00,H2,train,SPY,"{""budget_pct"": 0.15, ""dte_hi"": 70, ""dte_lo"": 40, ""dte_target"": 60, ""roll_dte"": 21, ""target_delta"": 0.65}",base,26,ev_per_trade,12.36,-239.87,297.2,,run_id=H2_SPY_base_a884a0ea cagr=0.0178 sharpe=0.12 maxdd=-0.2724 final=10806.75
151,2026-07-29T15:52:46+00:00,H2,train,SPY,"{""budget_pct"": 0.1, ""dte_hi"": 70, ""dte_lo"": 40, ""dte_target"": 60, ""roll_dte"": 21, ""target_delta"": 0.65}",base,14,ev_per_trade,-44.77,-208.44,178.39,,run_id=H2_SPY_base_780f0db7 cagr=-0.0034 sharpe=-0.1 maxdd=-0.1819 final=9848.32
152,2026-07-29T15:52:49+00:00,H2,train,SPY,"{""budget_pct"": 0.06, ""dte_hi"": 70, ""dte_lo"": 40, ""dte_target"": 60, ""roll_dte"": 21, ""target_delta"": 0.65}",base,1,ev_per_trade,43.6,,,,run_id=H2_SPY_base_6f9094f2 cagr=0.0123 sharpe=0.09 maxdd=-0.0175 final=10552.87
153,2026-07-29T15:52:52+00:00,H2,train,QQQ,"{""budget_pct"": 0.1, ""dte_hi"": 70, ""dte_lo"": 40, ""dte_target"": 60, ""roll_dte"": 21, ""target_delta"": 0.35}",base,35,ev_per_trade,324.99,64.88,680.99,,run_id=H2_QQQ_base_5f86e700 cagr=0.1967 sharpe=0.78 maxdd=-0.2979 final=22070.56
154,2026-07-29T15:52:52+00:00,H2,train,QQQ,"{""budget_pct"": 0.06, ""dte_hi"": 70, ""dte_lo"": 40, ""dte_target"": 60, ""roll_dte"": 21, ""target_delta"": 0.35}",base,34,ev_per_trade,140.9,12.74,322.62,,run_id=H2_QQQ_base_463ebff5 cagr=0.1024 sharpe=0.63 maxdd=-0.1844 final=15373.42
155,2026-07-29T15:52:55+00:00,H2,train,SPY,"{""budget_pct"": 0.06, ""dte_hi"": 70, ""dte_lo"": 40, ""dte_target"": 60, ""roll_dte"": 21, ""target_delta"": 0.8}",base,0,ev_per_trade,,,,,run_id=H2_SPY_base_0ba8db84 cagr=0.0113 sharpe=0.15 maxdd=-0.0 final=10507.96
156,2026-07-29T15:52:55+00:00,H2,train,QQQ,"{""budget_pct"": 0.15, ""dte_hi"": 70, ""dte_lo"": 40, ""dte_target"": 60, ""roll_dte"": 21, ""target_delta"": 0.35}",base,35,ev_per_trade,510.36,78.21,1145.39,,run_id=H2_QQQ_base_a2dcd313 cagr=0.2696 sharpe=0.79 maxdd=-0.3988 final=28649.19
157,2026-07-29T15:53:09+00:00,H2,train,QQQ,"{""budget_pct"": 0.06, ""dte_hi"": 70, ""dte_lo"": 40, ""dte_target"": 60, ""roll_dte"": 21, ""target_delta"": 0.5}",base,18,ev_per_trade,159.68,-6.92,377.11,,run_id=H2_QQQ_base_f680284e cagr=0.069 sharpe=0.68 maxdd=-0.1406 final=13419.53
158,2026-07-29T15:53:11+00:00,H2,train,SPY,"{""budget_pct"": 0.15, ""dte_hi"": 70, ""dte_lo"": 40, ""dte_target"": 60, ""roll_dte"": 21, ""target_delta"": 0.8}",base,7,ev_per_trade,58.39,,,,run_id=H2_SPY_base_587871a3 cagr=0.0196 sharpe=0.15 maxdd=-0.1849 final=10892.58
159,2026-07-29T15:53:12+00:00,H2,train,SPY,"{""budget_pct"": 0.1, ""dte_hi"": 70, ""dte_lo"": 40, ""dte_target"": 60, ""roll_dte"": 21, ""target_delta"": 0.8}",base,0,ev_per_trade,,,,,run_id=H2_SPY_base_a2a95139 cagr=0.0113 sharpe=0.15 maxdd=-0.0 final=10507.96
160,2026-07-29T15:53:15+00:00,H2,train,QQQ,"{""budget_pct"": 0.1, ""dte_hi"": 70, ""dte_lo"": 40, ""dte_target"": 60, ""roll_dte"": 21, ""target_delta"": 0.5}",base,35,ev_per_trade,204.45,53.99,440.42,,run_id=H2_QQQ_base_1fc1388e cagr=0.1392 sharpe=0.75 maxdd=-0.2003 final=17769.24
161,2026-07-29T15:53:17+00:00,H2,train,QQQ,"{""budget_pct"": 0.15, ""dte_hi"": 70, ""dte_lo"": 40, ""dte_target"": 60, ""roll_dte"": 21, ""target_delta"": 0.5}",base,36,ev_per_trade,323.06,107.07,705.56,,run_id=H2_QQQ_base_87f2afb3 cagr=0.1996 sharpe=0.8 maxdd=-0.2872 final=22314.24
162,2026-07-29T15:53:24+00:00,H2,train,QQQ,"{""budget_pct"": 0.15, ""dte_hi"": 70, ""dte_lo"": 40, ""dte_target"": 60, ""roll_dte"": 21, ""target_delta"": 0.65}",base,35,ev_per_trade,167.94,23.21,435.4,,run_id=H2_QQQ_base_a884a0ea cagr=0.1197 sharpe=0.62 maxdd=-0.2557 final=16464.9
163,2026-07-29T15:53:29+00:00,H2,train,QQQ,"{""budget_pct"": 0.1, ""dte_hi"": 70, ""dte_lo"": 40, ""dte_target"": 60, ""roll_dte"": 21, ""target_delta"": 0.65}",base,15,ev_per_trade,39.43,-121.77,319.8,,run_id=H2_QQQ_base_780f0db7 cagr=0.0236 sharpe=0.18 maxdd=-0.1626 final=11083.39
164,2026-07-29T15:53:30+00:00,H2,train,QQQ,"{""budget_pct"": 0.06, ""dte_hi"": 70, ""dte_lo"": 40, ""dte_target"": 60, ""roll_dte"": 21, ""target_delta"": 0.65}",base,5,ev_per_trade,132.55,,,,run_id=H2_QQQ_base_6f9094f2 cagr=0.0256 sharpe=0.38 maxdd=-0.0525 final=11179.75
165,2026-07-29T15:53:34+00:00,H2,train,IWM,"{""budget_pct"": 0.06, ""dte_hi"": 70, ""dte_lo"": 40, ""dte_target"": 60, ""roll_dte"": 21, ""target_delta"": 0.35}",base,33,ev_per_trade,-24.6,-200.61,210.88,,run_id=H2_IWM_base_463ebff5 cagr=-0.0077 sharpe=-0.08 maxdd=-0.2293 final=9661.41
166,2026-07-29T15:53:34+00:00,H2,train,QQQ,"{""budget_pct"": 0.1, ""dte_hi"": 70, ""dte_lo"": 40, ""dte_target"": 60, ""roll_dte"": 21, ""target_delta"": 0.8}",base,3,ev_per_trade,214.68,,,,run_id=H2_QQQ_base_a2a95139 cagr=0.0253 sharpe=0.45 maxdd=-0.0554 final=11163.97
167,2026-07-29T15:53:35+00:00,H2,train,IWM,"{""budget_pct"": 0.1, ""dte_hi"": 70, ""dte_lo"": 40, ""dte_target"": 60, ""roll_dte"": 21, ""target_delta"": 0.35}",base,33,ev_per_trade,-112.56,-337.6,148.85,,run_id=H2_IWM_base_5f86e700 cagr=-0.0869 sharpe=-0.41 maxdd=-0.4136 final=6689.97
168,2026-07-29T15:53:37+00:00,H2,train,QQQ,"{""budget_pct"": 0.06, ""dte_hi"": 70, ""dte_lo"": 40, ""dte_target"": 60, ""roll_dte"": 21, ""target_delta"": 0.8}",base,0,ev_per_trade,,,,,run_id=H2_QQQ_base_0ba8db84 cagr=0.0113 sharpe=0.11 maxdd=-0.0 final=10507.96
169,2026-07-29T15:53:38+00:00,H2,train,IWM,"{""budget_pct"": 0.15, ""dte_hi"": 70, ""dte_lo"": 40, ""dte_target"": 60, ""roll_dte"": 21, ""target_delta"": 0.35}",base,33,ev_per_trade,-178.24,-456.0,142.45,,run_id=H2_IWM_base_a2dcd313 cagr=-0.1665 sharpe=-0.47 maxdd=-0.6176 final=4470.64
170,2026-07-29T15:53:43+00:00,H2,train,IWM,"{""budget_pct"": 0.06, ""dte_hi"": 70, ""dte_lo"": 40, ""dte_target"": 60, ""roll_dte"": 21, ""target_delta"": 0.5}",base,13,ev_per_trade,-136.46,-261.95,9.12,,run_id=H2_IWM_base_f680284e cagr=-0.0315 sharpe=-0.7 maxdd=-0.183 final=8683.11
171,2026-07-29T15:53:46+00:00,H2,train,IWM,"{""budget_pct"": 0.1, ""dte_hi"": 70, ""dte_lo"": 40, ""dte_target"": 60, ""roll_dte"": 21, ""target_delta"": 0.5}",base,31,ev_per_trade,-46.92,-262.32,269.03,,run_id=H2_IWM_base_1fc1388e cagr=-0.0236 sharpe=-0.14 maxdd=-0.2836 final=8995.3
172,2026-07-29T15:53:47+00:00,H2,train,QQQ,"{""budget_pct"": 0.15, ""dte_hi"": 70, ""dte_lo"": 40, ""dte_target"": 60, ""roll_dte"": 21, ""target_delta"": 0.8}",base,13,ev_per_trade,-1.05,-106.65,291.95,,run_id=H2_QQQ_base_587871a3 cagr=0.0104 sharpe=0.05 maxdd=-0.1723 final=10461.26
173,2026-07-29T15:53:53+00:00,H2,train,IWM,"{""budget_pct"": 0.15, ""dte_hi"": 70, ""dte_lo"": 40, ""dte_target"": 60, ""roll_dte"": 21, ""target_delta"": 0.5}",base,32,ev_per_trade,-108.87,-374.22,205.82,,run_id=H2_IWM_base_87f2afb3 cagr=-0.08 sharpe=-0.3 maxdd=-0.4443 final=6916.29
174,2026-07-29T15:53:57+00:00,H2,train,IWM,"{""budget_pct"": 0.15, ""dte_hi"": 70, ""dte_lo"": 40, ""dte_target"": 60, ""roll_dte"": 21, ""target_delta"": 0.65}",base,30,ev_per_trade,-29.41,-269.95,286.12,,run_id=H2_IWM_base_a884a0ea cagr=-0.0096 sharpe=-0.02 maxdd=-0.3102 final=9579.51
175,2026-07-29T15:53:57+00:00,H2,train,IWM,"{""budget_pct"": 0.06, ""dte_hi"": 70, ""dte_lo"": 40, ""dte_target"": 60, ""roll_dte"": 21, ""target_delta"": 0.65}",base,5,ev_per_trade,-133.4,,,,run_id=H2_IWM_base_6f9094f2 cagr=-0.0043 sharpe=-0.36 maxdd=-0.0839 final=9813.72
176,2026-07-29T15:54:00+00:00,H2,train,IWM,"{""budget_pct"": 0.1, ""dte_hi"": 70, ""dte_lo"": 40, ""dte_target"": 60, ""roll_dte"": 21, ""target_delta"": 0.65}",base,13,ev_per_trade,-160.02,-301.6,1.2,,run_id=H2_IWM_base_780f0db7 cagr=-0.0398 sharpe=-0.59 maxdd=-0.2267 final=8358.78
177,2026-07-29T15:54:03+00:00,H2,train,IWM,"{""budget_pct"": 0.06, ""dte_hi"": 70, ""dte_lo"": 40, ""dte_target"": 60, ""roll_dte"": 21, ""target_delta"": 0.8}",base,0,ev_per_trade,,,,,run_id=H2_IWM_base_0ba8db84 cagr=0.0113 sharpe=0.28 maxdd=-0.0 final=10507.96
178,2026-07-29T15:54:04+00:00,H2,train,IWM,"{""budget_pct"": 0.15, ""dte_hi"": 70, ""dte_lo"": 40, ""dte_target"": 60, ""roll_dte"": 21, ""target_delta"": 0.8}",base,11,ev_per_trade,-224.79,-368.79,51.41,,run_id=H2_IWM_base_587871a3 cagr=-0.0508 sharpe=-0.64 maxdd=-0.2622 final=7942.12
179,2026-07-29T15:54:05+00:00,H2,train,IWM,"{""budget_pct"": 0.1, ""dte_hi"": 70, ""dte_lo"": 40, ""dte_target"": 60, ""roll_dte"": 21, ""target_delta"": 0.8}",base,5,ev_per_trade,-139.05,,,,run_id=H2_IWM_base_a2a95139 cagr=-0.0052 sharpe=-0.36 maxdd=-0.1316 final=9773.16
180,2026-07-29T15:54:09+00:00,H4,train,IWM,"{""budget_pct"": 0.1, ""dte_hi"": 70, ""dte_lo"": 40, ""dte_target"": 60, ""roll_dte"": 21, ""target_delta"": -0.6}",base,39,ev_per_trade,55.17,-129.44,268.25,,run_id=H4_IWM_base_c2cf8486 cagr=0.0569 sharpe=0.32 maxdd=-0.3116 final=12763.91
181,2026-07-29T15:54:15+00:00,H4,train,QQQ,"{""budget_pct"": 0.1, ""dte_hi"": 70, ""dte_lo"": 40, ""dte_target"": 60, ""roll_dte"": 21, ""target_delta"": -0.6}",base,9,ev_per_trade,-123.01,-348.23,47.52,,run_id=H4_QQQ_base_c2cf8486 cagr=-0.0151 sharpe=-0.3 maxdd=-0.2071 final=9351.98
182,2026-07-29T15:54:17+00:00,BENCH,train,IWM,"{""budget_pct"": 0.1}",base,72,ev_per_trade,-49.13,-193.65,89.76,,run_id=BENCH_IWM_base_3130abb4 cagr=-0.0871 sharpe=-0.19 maxdd=-0.4722 final=6685.34
183,2026-07-29T15:54:20+00:00,H4,train,SPY,"{""budget_pct"": 0.1, ""dte_hi"": 70, ""dte_lo"": 40, ""dte_target"": 60, ""roll_dte"": 21, ""target_delta"": -0.6}",base,3,ev_per_trade,-407.57,,,,run_id=H4_SPY_base_c2cf8486 cagr=-0.0179 sharpe=-0.74 maxdd=-0.1175 final=9233.51
184,2026-07-29T15:54:20+00:00,BENCH,train,QQQ,"{""budget_pct"": 0.1}",base,72,ev_per_trade,169.97,-200.22,557.27,,run_id=BENCH_QQQ_base_3130abb4 cagr=0.1997 sharpe=0.69 maxdd=-0.3641 final=22323.49
185,2026-07-29T15:54:23+00:00,BENCH,train,SPY,"{""budget_pct"": 0.1}",base,69,ev_per_trade,59.36,-169.83,261.04,,run_id=BENCH_SPY_base_3130abb4 cagr=0.0872 sharpe=0.39 maxdd=-0.3865 final=14456.71
186,2026-07-29T15:56:27+00:00,H2,train,QQQ,"{""budget_pct"": 0.1, ""dte_hi"": 70, ""dte_lo"": 40, ""dte_target"": 60, ""roll_dte"": 21, ""target_delta"": 0.5}",conservative,35,ev_per_trade,197.51,47.11,433.53,,run_id=H2_QQQ_conservative_1fc1388e cagr=0.1357 sharpe=0.73 maxdd=-0.2032 final=17520.84
187,2026-07-29T15:56:27+00:00,H2,train,QQQ,"{""budget_pct"": 0.1, ""dte_hi"": 70, ""dte_lo"": 40, ""dte_target"": 60, ""roll_dte"": 21, ""target_delta"": 0.5}",optimistic,35,ev_per_trade,208.19,57.53,444.1,,run_id=H2_QQQ_optimistic_1fc1388e cagr=0.1411 sharpe=0.77 maxdd=-0.1987 final=17903.12
188,2026-07-29T15:56:32+00:00,H1,train,SPY,"{""budget_pct"": 0.1, ""confirm_ret5"": 0.02, ""dd_thresh"": 0.15, ""dte_hi"": 65, ""dte_lo"": 30, ""dte_target"": 45, ""hold_days"": 40, ""target_delta"": 0.35}",conservative,9,ev_per_trade,540.67,264.22,1145.54,,run_id=H1_SPY_conservative_892976a6 cagr=0.1039 sharpe=0.56 maxdd=-0.2359 final=15469.1
189,2026-07-29T15:56:33+00:00,H1,train,SPY,"{""budget_pct"": 0.1, ""confirm_ret5"": 0.02, ""dd_thresh"": 0.15, ""dte_hi"": 65, ""dte_lo"": 30, ""dte_target"": 45, ""hold_days"": 40, ""target_delta"": 0.35}",optimistic,9,ev_per_trade,556.93,281.44,1162.73,,run_id=H1_SPY_optimistic_892976a6 cagr=0.1063 sharpe=0.58 maxdd=-0.2339 final=15618.54
190,2026-07-29T15:56:35+00:00,H2,train,SPY,"{""budget_pct"": 0.1, ""dte_hi"": 70, ""dte_lo"": 40, ""dte_target"": 60, ""roll_dte"": 21, ""target_delta"": 0.5}",optimistic,34,ev_per_trade,-0.46,-174.74,183.91,,run_id=H2_SPY_optimistic_1fc1388e cagr=0.011 sharpe=0.09 maxdd=-0.233 final=10490.95
191,2026-07-29T15:56:35+00:00,H2,train,SPY,"{""budget_pct"": 0.1, ""dte_hi"": 70, ""dte_lo"": 40, ""dte_target"": 60, ""roll_dte"": 21, ""target_delta"": 0.5}",conservative,36,ev_per_trade,6.72,-176.74,199.65,,run_id=H2_SPY_conservative_1fc1388e cagr=0.0168 sharpe=0.12 maxdd=-0.2656 final=10751.24
192,2026-07-29T15:58:43+00:00,H2,train,QQQ,"{""band"": 0.01, ""budget_pct"": 0.1, ""dte_hi"": 70, ""dte_lo"": 40, ""dte_target"": 60, ""extra_lag"": 0, ""roll_dte"": 14, ""target_delta"": 0.4}",base,29,ev_per_trade,601.51,249.54,1244.78,,run_id=H2_QQQ_base_06f602a4 cagr=0.2654 sharpe=1.09 maxdd=-0.2273 final=28245.75
193,2026-07-29T15:58:44+00:00,H2,train,QQQ,"{""band"": 0.01, ""budget_pct"": 0.1, ""dte_hi"": 70, ""dte_lo"": 40, ""dte_target"": 60, ""extra_lag"": 0, ""roll_dte"": 21, ""target_delta"": 0.5}",base,35,ev_per_trade,204.45,53.99,440.42,,run_id=H2_QQQ_base_8b907f56 cagr=0.1392 sharpe=0.75 maxdd=-0.2003 final=17769.24
194,2026-07-29T15:58:44+00:00,H2,train,QQQ,"{""band"": 0.01, ""budget_pct"": 0.1, ""dte_hi"": 70, ""dte_lo"": 40, ""dte_target"": 60, ""extra_lag"": 0, ""roll_dte"": 14, ""target_delta"": 0.5}",base,29,ev_per_trade,524.33,244.95,987.15,,run_id=H2_QQQ_base_5712cc66 cagr=0.2415 sharpe=1.25 maxdd=-0.1837 final=25968.57
195,2026-07-29T15:58:44+00:00,H2,train,QQQ,"{""band"": 0.01, ""budget_pct"": 0.1, ""dte_hi"": 55, ""dte_lo"": 25, ""dte_target"": 45, ""extra_lag"": 0, ""roll_dte"": 21, ""target_delta"": 0.4}",base,51,ev_per_trade,232.28,-29.45,563.93,,run_id=H2_QQQ_base_3e711f22 cagr=0.2023 sharpe=0.83 maxdd=-0.2591 final=22540.4
196,2026-07-29T15:58:45+00:00,H2,train,QQQ,"{""band"": 0.01, ""budget_pct"": 0.1, ""dte_hi"": 70, ""dte_lo"": 40, ""dte_target"": 60, ""extra_lag"": 0, ""roll_dte"": 21, ""target_delta"": 0.4}",base,36,ev_per_trade,263.18,73.64,514.9,,run_id=H2_QQQ_base_693674c5 cagr=0.172 sharpe=0.77 maxdd=-0.2755 final=20136.26
197,2026-07-29T15:58:45+00:00,H2,train,QQQ,"{""band"": 0.01, ""budget_pct"": 0.1, ""dte_hi"": 55, ""dte_lo"": 25, ""dte_target"": 45, ""extra_lag"": 0, ""roll_dte"": 14, ""target_delta"": 0.5}",base,41,ev_per_trade,213.75,25.96,488.55,,run_id=H2_QQQ_base_a0e05b4c cagr=0.1622 sharpe=0.81 maxdd=-0.2372 final=19407.42
198,2026-07-29T15:58:45+00:00,H2,train,QQQ,"{""band"": 0.01, ""budget_pct"": 0.1, ""dte_hi"": 55, ""dte_lo"": 25, ""dte_target"": 45, ""extra_lag"": 0, ""roll_dte"": 14, ""target_delta"": 0.4}",base,40,ev_per_trade,223.85,-13.14,582.62,,run_id=H2_QQQ_base_cec22b76 cagr=0.1646 sharpe=0.72 maxdd=-0.2954 final=19580.43
199,2026-07-29T15:58:45+00:00,H2,train,QQQ,"{""band"": 0.01, ""budget_pct"": 0.1, ""dte_hi"": 70, ""dte_lo"": 40, ""dte_target"": 60, ""extra_lag"": 0, ""roll_dte"": 30, ""target_delta"": 0.4}",base,42,ev_per_trade,229.84,-52.94,556.97,,run_id=H2_QQQ_base_6d8e24e3 cagr=0.1743 sharpe=0.85 maxdd=-0.2211 final=20311.66
200,2026-07-29T15:58:45+00:00,H2,train,QQQ,"{""band"": 0.01, ""budget_pct"": 0.1, ""dte_hi"": 55, ""dte_lo"": 25, ""dte_target"": 45, ""extra_lag"": 0, ""roll_dte"": 21, ""target_delta"": 0.5}",base,50,ev_per_trade,116.68,-29.59,299.84,,run_id=H2_QQQ_base_63440bb6 cagr=0.1188 sharpe=0.65 maxdd=-0.207 final=16406.76
201,2026-07-29T15:58:46+00:00,H2,train,QQQ,"{""band"": 0.01, ""budget_pct"": 0.1, ""dte_hi"": 55, ""dte_lo"": 25, ""dte_target"": 45, ""extra_lag"": 0, ""roll_dte"": 30, ""target_delta"": 0.4}",base,77,ev_per_trade,200.49,-2.58,463.23,,run_id=H2_QQQ_base_27e016e3 cagr=0.2441 sharpe=1.04 maxdd=-0.2027 final=26203.15
202,2026-07-29T15:59:21+00:00,H2,train,QQQ,"{""band"": 0.01, ""budget_pct"": 0.1, ""dte_hi"": 70, ""dte_lo"": 40, ""dte_target"": 60, ""extra_lag"": 0, ""roll_dte"": 30, ""target_delta"": 0.5}",base,41,ev_per_trade,165.23,-35.38,385.02,,run_id=H2_QQQ_base_27d6af57 cagr=0.1335 sharpe=0.82 maxdd=-0.2045 final=17381.55
203,2026-07-29T15:59:21+00:00,H2,train,QQQ,"{""band"": 0.01, ""budget_pct"": 0.1, ""dte_hi"": 55, ""dte_lo"": 25, ""dte_target"": 45, ""extra_lag"": 0, ""roll_dte"": 30, ""target_delta"": 0.5}",base,77,ev_per_trade,95.26,-26.16,239.29,,run_id=H2_QQQ_base_b414b7b6 cagr=0.1417 sharpe=0.8 maxdd=-0.2048 final=17941.75
204,2026-07-29T15:59:21+00:00,H2,train,QQQ,"{""band"": 0.01, ""budget_pct"": 0.1, ""dte_hi"": 55, ""dte_lo"": 25, ""dte_target"": 45, ""extra_lag"": 0, ""roll_dte"": 14, ""target_delta"": 0.6}",base,38,ev_per_trade,153.99,-14.05,382.32,,run_id=H2_QQQ_base_ecf5fc12 cagr=0.1193 sharpe=0.7 maxdd=-0.205 final=16440.62
205,2026-07-29T15:59:22+00:00,H2,train,QQQ,"{""band"": 0.02, ""budget_pct"": 0.1, ""dte_hi"": 70, ""dte_lo"": 40, ""dte_target"": 60, ""extra_lag"": 0, ""roll_dte"": 21, ""target_delta"": 0.5}",base,33,ev_per_trade,219.38,59.44,469.6,,run_id=H2_QQQ_base_25a98f61 cagr=0.1405 sharpe=0.77 maxdd=-0.1994 final=17856.48
206,2026-07-29T15:59:23+00:00,H2,train,QQQ,"{""band"": 0.01, ""budget_pct"": 0.1, ""dte_hi"": 55, ""dte_lo"": 25, ""dte_target"": 45, ""extra_lag"": 0, ""roll_dte"": 21, ""target_delta"": 0.6}",base,47,ev_per_trade,89.31,-51.19,253.84,,run_id=H2_QQQ_base_51c1779c cagr=0.0921 sharpe=0.54 maxdd=-0.2025 final=14749.16
207,2026-07-29T15:59:23+00:00,H2,train,QQQ,"{""band"": 0.0, ""budget_pct"": 0.1, ""dte_hi"": 70, ""dte_lo"": 40, ""dte_target"": 60, ""extra_lag"": 0, ""roll_dte"": 21, ""target_delta"": 0.5}",base,44,ev_per_trade,108.23,-66.24,324.01,,run_id=H2_QQQ_base_c2ef2164 cagr=0.1016 sharpe=0.58 maxdd=-0.2061 final=15323.42
208,2026-07-29T15:59:24+00:00,H2,train,QQQ,"{""band"": 0.01, ""budget_pct"": 0.1, ""dte_hi"": 70, ""dte_lo"": 40, ""dte_target"": 60, ""extra_lag"": 0, ""roll_dte"": 14, ""target_delta"": 0.6}",base,26,ev_per_trade,284.76,137.3,601.1,,run_id=H2_QQQ_base_e5783a1b cagr=0.1429 sharpe=0.84 maxdd=-0.1778 final=18023.16
209,2026-07-29T15:59:25+00:00,H2,train,QQQ,"{""band"": 0.01, ""budget_pct"": 0.1, ""dte_hi"": 55, ""dte_lo"": 25, ""dte_target"": 45, ""extra_lag"": 0, ""roll_dte"": 30, ""target_delta"": 0.6}",base,72,ev_per_trade,113.12,16.8,244.11,,run_id=H2_QQQ_base_c52a353f cagr=0.1534 sharpe=0.99 maxdd=-0.1331 final=18769.56
210,2026-07-29T15:59:27+00:00,H2,train,QQQ,"{""band"": 0.01, ""budget_pct"": 0.1, ""dte_hi"": 70, ""dte_lo"": 40, ""dte_target"": 60, ""extra_lag"": 0, ""roll_dte"": 21, ""target_delta"": 0.6}",base,21,ev_per_trade,169.92,-7.05,420.18,,run_id=H2_QQQ_base_4ff18f07 cagr=0.0813 sharpe=0.59 maxdd=-0.1575 final=14117.03
211,2026-07-29T15:59:29+00:00,H2,train,QQQ,"{""band"": 0.01, ""budget_pct"": 0.1, ""dte_hi"": 70, ""dte_lo"": 40, ""dte_target"": 60, ""extra_lag"": 0, ""roll_dte"": 30, ""target_delta"": 0.6}",base,25,ev_per_trade,146.26,-51.86,337.19,,run_id=H2_QQQ_base_2396555e cagr=0.0828 sharpe=0.68 maxdd=-0.1424 final=14203.5
212,2026-07-29T15:59:55+00:00,H2,train,QQQ,"{""band"": 0.01, ""budget_pct"": 0.1, ""dte_hi"": 70, ""dte_lo"": 40, ""dte_target"": 60, ""extra_lag"": 2, ""roll_dte"": 21, ""target_delta"": 0.5}",base,35,ev_per_trade,164.91,16.41,390.8,,run_id=H2_QQQ_base_ac2ae6e7 cagr=0.1181 sharpe=0.65 maxdd=-0.1892 final=16357.38
213,2026-07-29T15:59:55+00:00,H2,train,QQQ,"{""band"": 0.01, ""budget_pct"": 0.1, ""dte_hi"": 70, ""dte_lo"": 40, ""dte_target"": 60, ""extra_lag"": 1, ""roll_dte"": 21, ""target_delta"": 0.5}",base,34,ev_per_trade,201.15,53.5,431.43,,run_id=H2_QQQ_base_8062ab04 cagr=0.1345 sharpe=0.74 maxdd=-0.1846 final=17443.73
214,2026-07-29T15:59:56+00:00,H2,train,QQQ,"{""band"": 0.01, ""budget_pct"": 0.12, ""dte_hi"": 70, ""dte_lo"": 40, ""dte_target"": 60, ""extra_lag"": 0, ""roll_dte"": 21, ""target_delta"": 0.5}",base,36,ev_per_trade,220.77,33.65,498.57,,run_id=H2_QQQ_base_51ee51fa cagr=0.1508 sharpe=0.76 maxdd=-0.2527 final=18581.77
215,2026-07-29T15:59:56+00:00,H2,train,QQQ,"{""band"": 0.01, ""budget_pct"": 0.1, ""dte_hi"": 70, ""dte_lo"": 40, ""dte_target"": 60, ""extra_lag"": 0, ""roll_dte"": 21, ""target_delta"": 0.5}",stress,35,ev_per_trade,171.51,18.36,407.99,,run_id=H2_QQQ_stress_8b907f56 cagr=0.122 sharpe=0.66 maxdd=-0.2063 final=16593.81
216,2026-07-29T15:59:57+00:00,H2,train,QQQ,"{""band"": 0.01, ""budget_pct"": 0.08, ""dte_hi"": 70, ""dte_lo"": 40, ""dte_target"": 60, ""extra_lag"": 0, ""roll_dte"": 21, ""target_delta"": 0.5}",base,32,ev_per_trade,164.25,44.81,356.41,,run_id=H2_QQQ_base_db2e7a41 cagr=0.1099 sharpe=0.71 maxdd=-0.1639 final=15842.41
217,2026-07-29T16:00:00+00:00,H2,train,QQQ,"{""band"": 0.01, ""budget_pct"": 0.06, ""dte_hi"": 70, ""dte_lo"": 40, ""dte_target"": 60, ""extra_lag"": 0, ""roll_dte"": 21, ""target_delta"": 0.5}",base,18,ev_per_trade,159.68,-6.92,377.11,,run_id=H2_QQQ_base_102c5871 cagr=0.069 sharpe=0.68 maxdd=-0.1406 final=13419.53
218,2026-07-29T16:02:41+00:00,H2,train,SPY,"{""band"": 0.01, ""budget_pct"": 0.1, ""dte_hi"": 55, ""dte_lo"": 25, ""dte_target"": 45, ""extra_lag"": 0, ""roll_dte"": 14, ""target_delta"": 0.5}",base,43,ev_per_trade,47.96,-146.18,241.82,,run_id=H2_SPY_base_a0e05b4c cagr=0.054 sharpe=0.31 maxdd=-0.2486 final=12607.86
219,2026-07-29T16:02:41+00:00,H2,train,SPY,"{""band"": 0.01, ""budget_pct"": 0.1, ""dte_hi"": 70, ""dte_lo"": 40, ""dte_target"": 60, ""extra_lag"": 0, ""roll_dte"": 14, ""target_delta"": 0.5}",base,31,ev_per_trade,83.34,-192.64,360.8,,run_id=H2_SPY_base_5712cc66 cagr=0.0638 sharpe=0.38 maxdd=-0.2378 final=13135.3
220,2026-07-29T16:02:41+00:00,H2,train,SPY,"{""band"": 0.01, ""budget_pct"": 0.1, ""dte_hi"": 70, ""dte_lo"": 40, ""dte_target"": 60, ""extra_lag"": 0, ""roll_dte"": 30, ""target_delta"": 0.4}",base,44,ev_per_trade,59.05,-129.2,243.74,,run_id=H2_SPY_base_6d8e24e3 cagr=0.0639 sharpe=0.38 maxdd=-0.2321 final=13137.67
221,2026-07-29T16:02:41+00:00,H2,train,SPY,"{""band"": 0.01, ""budget_pct"": 0.1, ""dte_hi"": 70, ""dte_lo"": 40, ""dte_target"": 60, ""extra_lag"": 0, ""roll_dte"": 21, ""target_delta"": 0.4}",base,38,ev_per_trade,88.14,-116.6,310.98,,run_id=H2_SPY_base_693674c5 cagr=0.0778 sharpe=0.42 maxdd=-0.2497 final=13911.6
222,2026-07-29T16:02:41+00:00,H2,train,SPY,"{""band"": 0.01, ""budget_pct"": 0.1, ""dte_hi"": 70, ""dte_lo"": 40, ""dte_target"": 60, ""extra_lag"": 0, ""roll_dte"": 14, ""target_delta"": 0.4}",base,31,ev_per_trade,50.72,-206.76,315.79,,run_id=H2_SPY_base_06f602a4 cagr=0.0442 sharpe=0.26 maxdd=-0.2227 final=12097.9
223,2026-07-29T16:02:41+00:00,H2,train,SPY,"{""band"": 0.01, ""budget_pct"": 0.1, ""dte_hi"": 55, ""dte_lo"": 25, ""dte_target"": 45, ""extra_lag"": 0, ""roll_dte"": 21, ""target_delta"": 0.5}",base,53,ev_per_trade,64.11,-87.75,200.08,,run_id=H2_SPY_base_63440bb6 cagr=0.0786 sharpe=0.46 maxdd=-0.169 final=13958.79
224,2026-07-29T16:02:42+00:00,H2,train,SPY,"{""band"": 0.01, ""budget_pct"": 0.1, ""dte_hi"": 55, ""dte_lo"": 25, ""dte_target"": 45, ""extra_lag"": 0, ""roll_dte"": 14, ""target_delta"": 0.4}",base,43,ev_per_trade,9.58,-175.45,200.17,,run_id=H2_SPY_base_cec22b76 cagr=0.0197 sharpe=0.16 maxdd=-0.2928 final=10894.89
225,2026-07-29T16:02:42+00:00,H2,train,SPY,"{""band"": 0.01, ""budget_pct"": 0.1, ""dte_hi"": 55, ""dte_lo"": 25, ""dte_target"": 45, ""extra_lag"": 0, ""roll_dte"": 21, ""target_delta"": 0.4}",base,54,ev_per_trade,101.89,-98.78,309.16,,run_id=H2_SPY_base_3e711f22 cagr=0.114 sharpe=0.55 maxdd=-0.2399 final=16095.79
226,2026-07-29T16:02:42+00:00,H2,train,SPY,"{""band"": 0.01, ""budget_pct"": 0.1, ""dte_hi"": 55, ""dte_lo"": 25, ""dte_target"": 45, ""extra_lag"": 0, ""roll_dte"": 30, ""target_delta"": 0.4}",base,78,ev_per_trade,82.37,-47.17,220.28,,run_id=H2_SPY_base_27e016e3 cagr=0.1285 sharpe=0.64 maxdd=-0.2345 final=17043.27
227,2026-07-29T16:02:43+00:00,H2,train,SPY,"{""band"": 0.01, ""budget_pct"": 0.1, ""dte_hi"": 70, ""dte_lo"": 40, ""dte_target"": 60, ""extra_lag"": 0, ""roll_dte"": 21, ""target_delta"": 0.5}",base,36,ev_per_trade,14.53,-171.7,209.07,,run_id=H2_SPY_base_8b907f56 cagr=0.0227 sharpe=0.15 maxdd=-0.258 final=11038.05
228,2026-07-29T16:03:27+00:00,H2,train,SPY,"{""band"": 0.01, ""budget_pct"": 0.1, ""dte_hi"": 55, ""dte_lo"": 25, ""dte_target"": 45, ""extra_lag"": 0, ""roll_dte"": 14, ""target_delta"": 0.6}",base,37,ev_per_trade,96.4,-100.28,312.51,,run_id=H2_SPY_base_ecf5fc12 cagr=0.0811 sharpe=0.5 maxdd=-0.2064 final=14105.91
229,2026-07-29T16:03:28+00:00,H2,train,SPY,"{""band"": 0.01, ""budget_pct"": 0.1, ""dte_hi"": 55, ""dte_lo"": 25, ""dte_target"": 45, ""extra_lag"": 0, ""roll_dte"": 30, ""target_delta"": 0.5}",base,78,ev_per_trade,36.03,-59.64,134.38,,run_id=H2_SPY_base_b414b7b6 cagr=0.0679 sharpe=0.4 maxdd=-0.195 final=13362.69
230,2026-07-29T16:03:28+00:00,H2,train,SPY,"{""band"": 0.01, ""budget_pct"": 0.1, ""dte_hi"": 70, ""dte_lo"": 40, ""dte_target"": 60, ""extra_lag"": 0, ""roll_dte"": 30, ""target_delta"": 0.5}",base,44,ev_per_trade,57.64,-134.21,234.19,,run_id=H2_SPY_base_27d6af57 cagr=0.0628 sharpe=0.39 maxdd=-0.2468 final=13078.67
231,2026-07-29T16:03:29+00:00,H2,train,SPY,"{""band"": 0.01, ""budget_pct"": 0.1, ""dte_hi"": 55, ""dte_lo"": 25, ""dte_target"": 45, ""extra_lag"": 0, ""roll_dte"": 21, ""target_delta"": 0.6}",base,45,ev_per_trade,66.46,-68.31,220.15,,run_id=H2_SPY_base_51c1779c cagr=0.0708 sharpe=0.44 maxdd=-0.2175 final=13522.66
232,2026-07-29T16:03:30+00:00,H2,train,SPY,"{""band"": 0.02, ""budget_pct"": 0.1, ""dte_hi"": 70, ""dte_lo"": 40, ""dte_target"": 60, ""extra_lag"": 0, ""roll_dte"": 21, ""target_delta"": 0.5}",base,34,ev_per_trade,12.08,-174.81,215.82,,run_id=H2_SPY_base_25a98f61 cagr=0.0201 sharpe=0.14 maxdd=-0.2648 final=10912.6
233,2026-07-29T16:03:30+00:00,H2,train,SPY,"{""band"": 0.0, ""budget_pct"": 0.1, ""dte_hi"": 70, ""dte_lo"": 40, ""dte_target"": 60, ""extra_lag"": 0, ""roll_dte"": 21, ""target_delta"": 0.5}",base,37,ev_per_trade,-0.44,-161.62,177.47,,run_id=H2_SPY_base_c2ef2164 cagr=0.0106 sharpe=0.09 maxdd=-0.2323 final=10472.29
234,2026-07-29T16:03:31+00:00,H2,train,SPY,"{""band"": 0.01, ""budget_pct"": 0.1, ""dte_hi"": 55, ""dte_lo"": 25, ""dte_target"": 45, ""extra_lag"": 0, ""roll_dte"": 30, ""target_delta"": 0.6}",base,64,ev_per_trade,46.07,-53.07,141.89,,run_id=H2_SPY_base_c52a353f cagr=0.0699 sharpe=0.47 maxdd=-0.1909 final=13472.34
235,2026-07-29T16:03:34+00:00,H2,train,SPY,"{""band"": 0.01, ""budget_pct"": 0.1, ""dte_hi"": 70, ""dte_lo"": 40, ""dte_target"": 60, ""extra_lag"": 0, ""roll_dte"": 14, ""target_delta"": 0.6}",base,20,ev_per_trade,130.49,-85.26,437.16,,run_id=H2_SPY_base_e5783a1b cagr=0.0639 sharpe=0.46 maxdd=-0.1964 final=13141.79
236,2026-07-29T16:03:36+00:00,H2,train,SPY,"{""band"": 0.01, ""budget_pct"": 0.1, ""dte_hi"": 70, ""dte_lo"": 40, ""dte_target"": 60, ""extra_lag"": 0, ""roll_dte"": 21, ""target_delta"": 0.6}",base,18,ev_per_trade,-23.44,-228.97,214.74,,run_id=H2_SPY_base_4ff18f07 cagr=0.0011 sharpe=-0.04 maxdd=-0.1957 final=10047.38
237,2026-07-29T16:03:38+00:00,H2,train,SPY,"{""band"": 0.01, ""budget_pct"": 0.1, ""dte_hi"": 70, ""dte_lo"": 40, ""dte_target"": 60, ""extra_lag"": 0, ""roll_dte"": 30, ""target_delta"": 0.6}",base,23,ev_per_trade,-43.86,-287.27,199.31,,run_id=H2_SPY_base_2396555e cagr=-0.0126 sharpe=-0.17 maxdd=-0.236 final=9452.39
238,2026-07-29T16:04:04+00:00,H2,train,SPY,"{""band"": 0.01, ""budget_pct"": 0.12, ""dte_hi"": 70, ""dte_lo"": 40, ""dte_target"": 60, ""extra_lag"": 0, ""roll_dte"": 21, ""target_delta"": 0.5}",base,38,ev_per_trade,-16.7,-225.76,198.62,,run_id=H2_SPY_base_51ee51fa cagr=-0.0033 sharpe=0.04 maxdd=-0.2771 final=9850.89
239,2026-07-29T16:04:05+00:00,H2,train,SPY,"{""band"": 0.01, ""budget_pct"": 0.1, ""dte_hi"": 70, ""dte_lo"": 40, ""dte_target"": 60, ""extra_lag"": 2, ""roll_dte"": 21, ""target_delta"": 0.5}",base,34,ev_per_trade,11.09,-157.01,180.2,,run_id=H2_SPY_base_ac2ae6e7 cagr=0.0195 sharpe=0.14 maxdd=-0.2335 final=10885.62
240,2026-07-29T16:04:05+00:00,H2,train,SPY,"{""band"": 0.01, ""budget_pct"": 0.1, ""dte_hi"": 70, ""dte_lo"": 40, ""dte_target"": 60, ""extra_lag"": 1, ""roll_dte"": 21, ""target_delta"": 0.5}",base,33,ev_per_trade,-0.96,-187.17,199.29,,run_id=H2_SPY_base_8062ab04 cagr=0.0106 sharpe=0.09 maxdd=-0.249 final=10471.77
241,2026-07-29T16:04:05+00:00,H2,train,SPY,"{""band"": 0.01, ""budget_pct"": 0.1, ""dte_hi"": 70, ""dte_lo"": 40, ""dte_target"": 60, ""extra_lag"": 0, ""roll_dte"": 21, ""target_delta"": 0.5}",stress,36,ev_per_trade,-5.31,-195.15,193.51,,run_id=H2_SPY_stress_8b907f56 cagr=0.0073 sharpe=0.07 maxdd=-0.2857 final=10309.76
242,2026-07-29T16:04:08+00:00,H2,train,SPY,"{""band"": 0.01, ""budget_pct"": 0.08, ""dte_hi"": 70, ""dte_lo"": 40, ""dte_target"": 60, ""extra_lag"": 0, ""roll_dte"": 21, ""target_delta"": 0.5}",base,21,ev_per_trade,29.89,-136.88,243.46,,run_id=H2_SPY_base_db2e7a41 cagr=0.0245 sharpe=0.17 maxdd=-0.1886 final=11127.15
243,2026-07-29T16:04:09+00:00,H2,train,SPY,"{""band"": 0.01, ""budget_pct"": 0.06, ""dte_hi"": 70, ""dte_lo"": 40, ""dte_target"": 60, ""extra_lag"": 0, ""roll_dte"": 21, ""target_delta"": 0.5}",base,14,ev_per_trade,9.46,-109.48,221.15,,run_id=H2_SPY_base_102c5871 cagr=0.0139 sharpe=0.07 maxdd=-0.1169 final=10628.02
244,2026-07-29T16:05:53+00:00,H2,train,IWM,"{""affordable_floor"": 0.3, ""band"": 0.01, ""budget_pct"": 0.1, ""dte_hi"": 70, ""dte_lo"": 40, ""dte_target"": 60, ""roll_dte"": 21, ""target_delta"": 0.5}",base,33,ev_per_trade,-36.9,-250.32,236.46,,run_id=H2_IWM_base_dd7cfd42 cagr=-0.0175 sharpe=-0.1 maxdd=-0.2907 final=9249.96
245,2026-07-29T16:05:58+00:00,H2,train,QQQ,"{""affordable_floor"": 0.3, ""band"": 0.01, ""budget_pct"": 0.1, ""dte_hi"": 70, ""dte_lo"": 40, ""dte_target"": 60, ""roll_dte"": 21, ""target_delta"": 0.5}",conservative,36,ev_per_trade,163.14,27.81,379.14,,run_id=H2_QQQ_conservative_dd7cfd42 cagr=0.1196 sharpe=0.64 maxdd=-0.2183 final=16456.73
246,2026-07-29T16:05:58+00:00,H2,train,QQQ,"{""affordable_floor"": 0.3, ""band"": 0.01, ""budget_pct"": 0.1, ""dte_hi"": 70, ""dte_lo"": 40, ""dte_target"": 60, ""roll_dte"": 21, ""target_delta"": 0.5}",base,36,ev_per_trade,170.29,36.55,389.68,,run_id=H2_QQQ_base_dd7cfd42 cagr=0.1236 sharpe=0.66 maxdd=-0.2158 final=16719.78
247,2026-07-29T16:05:58+00:00,H2,train,QQQ,"{""affordable_floor"": 0.3, ""band"": 0.01, ""budget_pct"": 0.15, ""dte_hi"": 70, ""dte_lo"": 40, ""dte_target"": 60, ""roll_dte"": 21, ""target_delta"": 0.5}",base,36,ev_per_trade,174.3,5.94,455.66,,run_id=H2_QQQ_base_15261992 cagr=0.1258 sharpe=0.61 maxdd=-0.2159 final=16865.13
248,2026-07-29T16:06:45+00:00,H5,train,XLF,"{""budget_frac"": 0.8, ""dte_hi"": 50, ""dte_lo"": 25, ""dte_target"": 35, ""manage_dte"": 7, ""profit_take"": 1.1, ""target_delta"": -0.2}",base,33,ev_per_trade,25.87,22.07,30.73,,run_id=H5_XLF_base_ec0c9aca cagr=0.0341 sharpe=0.54 maxdd=-0.1132 final=11593.03
249,2026-07-29T16:06:45+00:00,H5,train,XLF,"{""budget_frac"": 0.8, ""dte_hi"": 50, ""dte_lo"": 25, ""dte_target"": 35, ""manage_dte"": 7, ""profit_take"": 0.5, ""target_delta"": -0.2}",base,52,ev_per_trade,18.91,15.91,22.3,,run_id=H5_XLF_base_6122412d cagr=0.0276 sharpe=0.42 maxdd=-0.083 final=11277.18
250,2026-07-29T16:06:45+00:00,H5,train,XLF,"{""budget_frac"": 0.8, ""dte_hi"": 50, ""dte_lo"": 25, ""dte_target"": 35, ""manage_dte"": 7, ""profit_take"": 1.1, ""target_delta"": -0.25}",base,35,ev_per_trade,31.52,27.49,36.54,,run_id=H5_XLF_base_4e305c35 cagr=0.0319 sharpe=0.49 maxdd=-0.1024 final=11480.83
251,2026-07-29T16:06:45+00:00,H5,train,XLF,"{""budget_frac"": 0.8, ""dte_hi"": 50, ""dte_lo"": 25, ""dte_target"": 35, ""manage_dte"": 7, ""profit_take"": 0.5, ""target_delta"": -0.25}",base,45,ev_per_trade,22.45,18.2,26.71,,run_id=H5_XLF_base_233feea3 cagr=0.0309 sharpe=0.45 maxdd=-0.1022 final=11436.43
252,2026-07-29T16:06:45+00:00,H5,train,XLF,"{""budget_frac"": 0.8, ""dte_hi"": 50, ""dte_lo"": 25, ""dte_target"": 35, ""manage_dte"": 7, ""profit_take"": 0.5, ""target_delta"": -0.3}",base,40,ev_per_trade,24.93,20.26,29.84,,run_id=H5_XLF_base_9c1b0320 cagr=0.0289 sharpe=0.4 maxdd=-0.1179 final=11335.84
253,2026-07-29T16:06:45+00:00,H5,train,XLF,"{""budget_frac"": 0.8, ""dte_hi"": 50, ""dte_lo"": 25, ""dte_target"": 35, ""manage_dte"": 7, ""profit_take"": 1.1, ""target_delta"": -0.3}",base,28,ev_per_trade,34.41,28.08,42.75,,run_id=H5_XLF_base_06dfc5ec cagr=0.0218 sharpe=0.28 maxdd=-0.1182 final=10997.1
254,2026-07-29T16:08:38+00:00,H2,valid,QQQ,"{""affordable_floor"": 0.3, ""band"": 0.01, ""budget_pct"": 0.1, ""dte_hi"": 70, ""dte_lo"": 40, ""dte_target"": 60, ""roll_dte"": 21, ""target_delta"": 0.5}",optimistic,17,ev_per_trade,502.78,48.89,1143.59,,run_id=H2_QQQ_optimistic_e64dff59 cagr=0.4118 sharpe=1.08 maxdd=-0.1894 final=19885.55
255,2026-07-29T16:08:38+00:00,H2,valid,QQQ,"{""affordable_floor"": 0.3, ""band"": 0.01, ""budget_pct"": 0.1, ""dte_hi"": 70, ""dte_lo"": 40, ""dte_target"": 60, ""roll_dte"": 21, ""target_delta"": 0.5}",base,17,ev_per_trade,494.81,41.21,1135.46,,run_id=H2_QQQ_base_e64dff59 cagr=0.4067 sharpe=1.07 maxdd=-0.1902 final=19741.53
256,2026-07-29T16:08:38+00:00,H2,valid,QQQ,"{""affordable_floor"": 0.3, ""band"": 0.01, ""budget_pct"": 0.1, ""dte_hi"": 70, ""dte_lo"": 40, ""dte_target"": 60, ""roll_dte"": 21, ""target_delta"": 0.5}",conservative,17,ev_per_trade,487.35,34.07,1127.85,,run_id=H2_QQQ_conservative_e64dff59 cagr=0.4017 sharpe=1.05 maxdd=-0.1916 final=19602.19
257,2026-07-29T16:09:11+00:00,H2,holdout,QQQ,"{""affordable_floor"": 0.3, ""band"": 0.01, ""budget_pct"": 0.1, ""dte_hi"": 70, ""dte_lo"": 40, ""dte_target"": 60, ""roll_dte"": 21, ""target_delta"": 0.5}",optimistic,12,ev_per_trade,332.81,-390.2,1035.96,,run_id=H2_QQQ_optimistic_db54a4b6 cagr=0.2184 sharpe=0.64 maxdd=-0.3153 final=13580.7
258,2026-07-29T16:09:12+00:00,H2,holdout,QQQ,"{""affordable_floor"": 0.3, ""band"": 0.01, ""budget_pct"": 0.1, ""dte_hi"": 70, ""dte_lo"": 40, ""dte_target"": 60, ""roll_dte"": 21, ""target_delta"": 0.5}",conservative,12,ev_per_trade,309.42,-398.01,998.19,,run_id=H2_QQQ_conservative_db54a4b6 cagr=0.202 sharpe=0.6 maxdd=-0.3191 final=13290.32
259,2026-07-29T16:09:12+00:00,H2,holdout,QQQ,"{""affordable_floor"": 0.3, ""band"": 0.01, ""budget_pct"": 0.1, ""dte_hi"": 70, ""dte_lo"": 40, ""dte_target"": 60, ""roll_dte"": 21, ""target_delta"": 0.5}",base,12,ev_per_trade,322.41,-392.81,1018.38,,run_id=H2_QQQ_base_db54a4b6 cagr=0.2111 sharpe=0.63 maxdd=-0.3166 final=13452.23
260,2026-07-29T16:10:24+00:00,H2,valid,QQQ,"{""affordable_floor"": 0.3, ""band"": 0.01, ""budget_pct"": 0.1, ""dte_hi"": 70, ""dte_lo"": 40, ""dte_target"": 60, ""roll_dte"": 21, ""target_delta"": 0.5, ""use_brake"": true}",conservative,17,ev_per_trade,429.12,-25.65,1041.97,,run_id=H2_QQQ_conservative_f7405f60 cagr=0.3645 sharpe=0.98 maxdd=-0.1954 final=18578.91
261,2026-07-29T16:10:24+00:00,H2,valid,QQQ,"{""affordable_floor"": 0.3, ""band"": 0.01, ""budget_pct"": 0.1, ""dte_hi"": 70, ""dte_lo"": 40, ""dte_target"": 60, ""roll_dte"": 21, ""target_delta"": 0.5, ""use_brake"": true}",base,17,ev_per_trade,436.85,-18.42,1049.37,,run_id=H2_QQQ_base_f7405f60 cagr=0.3698 sharpe=0.99 maxdd=-0.1942 final=18723.09
262,2026-07-29T16:10:24+00:00,H2,holdout,QQQ,"{""affordable_floor"": 0.3, ""band"": 0.01, ""budget_pct"": 0.1, ""dte_hi"": 70, ""dte_lo"": 40, ""dte_target"": 60, ""roll_dte"": 21, ""target_delta"": 0.5, ""use_brake"": true}",conservative,8,ev_per_trade,-92.75,-192.38,244.5,,run_id=H2_QQQ_conservative_2e00d809 cagr=-0.0106 sharpe=-0.1 maxdd=-0.2051 final=9830.29
263,2026-07-29T16:10:24+00:00,H2,holdout,QQQ,"{""affordable_floor"": 0.3, ""band"": 0.01, ""budget_pct"": 0.1, ""dte_hi"": 70, ""dte_lo"": 40, ""dte_target"": 60, ""roll_dte"": 21, ""target_delta"": 0.5, ""use_brake"": true}",base,8,ev_per_trade,-87.21,-186.9,250.32,,run_id=H2_QQQ_base_2e00d809 cagr=-0.0078 sharpe=-0.09 maxdd=-0.204 final=9876.33
264,2026-07-29T16:10:24+00:00,H2,holdout,QQQ,"{""affordable_floor"": 0.3, ""band"": 0.01, ""budget_pct"": 0.1, ""dte_hi"": 70, ""dte_lo"": 40, ""dte_target"": 60, ""roll_dte"": 21, ""target_delta"": 0.5, ""use_brake"": true}",stress,8,ev_per_trade,-98.75,-198.38,238.5,,run_id=H2_QQQ_stress_2e00d809 cagr=-0.0136 sharpe=-0.11 maxdd=-0.2063 final=9780.41
265,2026-07-29T16:10:28+00:00,H2,train,QQQ,"{""affordable_floor"": 0.3, ""band"": 0.01, ""budget_pct"": 0.1, ""dte_hi"": 70, ""dte_lo"": 40, ""dte_target"": 60, ""roll_dte"": 21, ""target_delta"": 0.5, ""use_brake"": true}",base,36,ev_per_trade,128.79,-0.09,327.37,,run_id=H2_QQQ_base_e0d597a9 cagr=0.0996 sharpe=0.56 maxdd=-0.1938 final=15201.43
266,2026-07-29T16:10:28+00:00,H2,train,QQQ,"{""affordable_floor"": 0.3, ""band"": 0.01, ""budget_pct"": 0.1, ""dte_hi"": 70, ""dte_lo"": 40, ""dte_target"": 60, ""roll_dte"": 21, ""target_delta"": 0.5, ""use_brake"": true}",conservative,36,ev_per_trade,117.78,-8.17,312.07,,run_id=H2_QQQ_conservative_e0d597a9 cagr=0.093 sharpe=0.52 maxdd=-0.1981 final=14797.1
267,2026-07-29T16:11:09+00:00,H2,holdout,QQQ,FROZEN spec incl. brake (e411fdd),base,8,total_return,-0.0124,,,G5 FAIL,"net<0: brake halved size in 2025 whipsaw, undersized 2026 recovery; recorded verbatim, no tuning"
268,2026-07-29T16:11:09+00:00,H2,holdout,QQQ,diagnostic: spec WITHOUT brake,base,12,total_return,0.3452,,,G5 FAIL (dd),maxDD -31.7% vs -30% limit; return positive; second holdout touch disclosed (implementation-gap correction)
269,2026-07-29T16:11:55+00:00,H2,full_report,QQQ,"{""affordable_floor"": 0.3, ""band"": 0.01, ""budget_pct"": 0.1, ""dte_hi"": 70, ""dte_lo"": 40, ""dte_target"": 60, ""roll_dte"": 21, ""target_delta"": 0.5, ""use_brake"": true}",base,67,ev_per_trade,270.04,2.81,579.48,,run_id=H2_QQQ_base_8558e5b1 cagr=0.1521 sharpe=0.66 maxdd=-0.1938 final=30906.28
270,2026-07-29T18:20:57+00:00,H5,train,SLV,"{""budget_frac"": 0.8, ""dte_hi"": 50, ""dte_lo"": 25, ""dte_target"": 35, ""manage_dte"": 7, ""profit_take"": 1.1, ""target_delta"": -0.3}",base,38,ev_per_trade,26.99,20.28,35.37,,run_id=H5_SLV_base_06dfc5ec cagr=0.0379 sharpe=0.93 maxdd=-0.0448 final=11774.99
271,2026-07-29T18:20:57+00:00,H5,train,SLV,"{""budget_frac"": 0.8, ""dte_hi"": 50, ""dte_lo"": 25, ""dte_target"": 35, ""manage_dte"": 7, ""profit_take"": 1.1, ""target_delta"": -0.25}",base,38,ev_per_trade,25.24,19.19,32.51,,run_id=H5_SLV_base_4e305c35 cagr=0.0355 sharpe=0.86 maxdd=-0.0538 final=11658.2
272,2026-07-29T18:20:57+00:00,H5,train,SLV,"{""budget_frac"": 0.8, ""dte_hi"": 50, ""dte_lo"": 25, ""dte_target"": 35, ""manage_dte"": 7, ""profit_take"": 0.5, ""target_delta"": -0.3}",base,36,ev_per_trade,27.23,18.63,37.87,,run_id=H5_SLV_base_9c1b0320 cagr=0.0301 sharpe=0.64 maxdd=-0.0611 final=11394.7
273,2026-07-29T18:20:57+00:00,H5,train,SLV,"{""budget_frac"": 0.8, ""dte_hi"": 50, ""dte_lo"": 25, ""dte_target"": 35, ""manage_dte"": 7, ""profit_take"": 0.5, ""target_delta"": -0.2}",base,35,ev_per_trade,24.49,17.33,32.0,,run_id=H5_SLV_base_6122412d cagr=0.0298 sharpe=0.64 maxdd=-0.0612 final=11377.17
274,2026-07-29T18:20:58+00:00,H5,train,SLV,"{""budget_frac"": 0.8, ""dte_hi"": 50, ""dte_lo"": 25, ""dte_target"": 35, ""manage_dte"": 7, ""profit_take"": 1.1, ""target_delta"": -0.2}",base,33,ev_per_trade,25.82,18.26,34.13,,run_id=H5_SLV_base_ec0c9aca cagr=0.0288 sharpe=0.63 maxdd=-0.0615 final=11329.63
275,2026-07-29T18:20:58+00:00,H5,train,SLV,"{""budget_frac"": 0.8, ""dte_hi"": 50, ""dte_lo"": 25, ""dte_target"": 35, ""manage_dte"": 7, ""profit_take"": 0.5, ""target_delta"": -0.25}",base,41,ev_per_trade,21.68,16.85,26.19,,run_id=H5_SLV_base_233feea3 cagr=0.0292 sharpe=0.7 maxdd=-0.0577 final=11348.55
276,2026-07-29T18:21:00+00:00,H5,train,EWZ,"{""budget_frac"": 0.8, ""dte_hi"": 50, ""dte_lo"": 25, ""dte_target"": 35, ""manage_dte"": 7, ""profit_take"": 0.5, ""target_delta"": -0.2}",base,29,ev_per_trade,43.83,37.12,48.52,,run_id=H5_EWZ_base_6122412d cagr=0.0333 sharpe=0.32 maxdd=-0.1671 final=11553.16
277,2026-07-29T18:21:00+00:00,H5,train,EWZ,"{""budget_frac"": 0.8, ""dte_hi"": 50, ""dte_lo"": 25, ""dte_target"": 35, ""manage_dte"": 7, ""profit_take"": 1.1, ""target_delta"": -0.2}",base,17,ev_per_trade,51.55,44.6,57.9,,run_id=H5_EWZ_base_ec0c9aca cagr=0.0196 sharpe=0.17 maxdd=-0.1935 final=10892.4
278,2026-07-29T18:21:06+00:00,H5,train,EWZ,"{""budget_frac"": 0.8, ""dte_hi"": 50, ""dte_lo"": 25, ""dte_target"": 35, ""manage_dte"": 7, ""profit_take"": 0.5, ""target_delta"": -0.25}",base,27,ev_per_trade,49.39,43.13,53.72,,run_id=H5_EWZ_base_233feea3 cagr=0.0374 sharpe=0.36 maxdd=-0.1643 final=11754.39
279,2026-07-29T18:21:07+00:00,H5,train,EWZ,"{""budget_frac"": 0.8, ""dte_hi"": 50, ""dte_lo"": 25, ""dte_target"": 35, ""manage_dte"": 7, ""profit_take"": 0.5, ""target_delta"": -0.3}",base,24,ev_per_trade,56.3,49.33,61.64,,run_id=H5_EWZ_base_9c1b0320 cagr=0.0336 sharpe=0.32 maxdd=-0.1728 final=11569.95
280,2026-07-29T18:21:07+00:00,H5,train,EWZ,"{""budget_frac"": 0.8, ""dte_hi"": 50, ""dte_lo"": 25, ""dte_target"": 35, ""manage_dte"": 7, ""profit_take"": 1.1, ""target_delta"": -0.25}",base,16,ev_per_trade,63.2,56.87,69.6,,run_id=H5_EWZ_base_4e305c35 cagr=0.0171 sharpe=0.14 maxdd=-0.2057 final=10776.35
281,2026-07-29T18:21:07+00:00,H5,train,EWZ,"{""budget_frac"": 0.8, ""dte_hi"": 50, ""dte_lo"": 25, ""dte_target"": 35, ""manage_dte"": 7, ""profit_take"": 1.1, ""target_delta"": -0.3}",base,16,ev_per_trade,68.54,57.59,80.93,,run_id=H5_EWZ_base_06dfc5ec cagr=0.019 sharpe=0.16 maxdd=-0.2034 final=10862.91
282,2026-07-29T18:21:48+00:00,H5,train,SLV,"{""budget_frac"": 0.8, ""dte_hi"": 50, ""dte_lo"": 25, ""dte_target"": 35, ""manage_dte"": 7, ""profit_take"": 0.5, ""target_delta"": -0.25}",conservative,35,ev_per_trade,22.86,14.94,31.43,,run_id=H5_SLV_conservative_233feea3 cagr=0.0275 sharpe=0.58 maxdd=-0.0639 final=11267.5
283,2026-07-29T18:21:48+00:00,H5,train,SLV,"{""budget_frac"": 0.8, ""dte_hi"": 50, ""dte_lo"": 25, ""dte_target"": 35, ""manage_dte"": 7, ""profit_take"": 0.5, ""target_delta"": -0.25}",stress,35,ev_per_trade,19.34,11.17,28.0,,run_id=H5_SLV_stress_233feea3 cagr=0.0248 sharpe=0.5 maxdd=-0.0664 final=11138.5
284,2026-07-29T18:22:24+00:00,H5,valid,SLV,"{""budget_frac"": 0.8, ""dte_hi"": 50, ""dte_lo"": 25, ""dte_target"": 35, ""manage_dte"": 7, ""profit_take"": 0.5, ""target_delta"": -0.25}",base,27,ev_per_trade,22.82,16.67,27.59,,run_id=H5_SLV_base_bf56280c cagr=0.0653 sharpe=1.1 maxdd=-0.0248 final=11332.62
285,2026-07-29T18:22:24+00:00,H5,valid,SLV,"{""budget_frac"": 0.8, ""dte_hi"": 50, ""dte_lo"": 25, ""dte_target"": 35, ""manage_dte"": 7, ""profit_take"": 0.5, ""target_delta"": -0.25}",conservative,24,ev_per_trade,23.42,17.92,28.58,,run_id=H5_SLV_conservative_bf56280c cagr=0.0761 sharpe=1.13 maxdd=-0.0295 final=11559.88
286,2026-07-29T18:22:39+00:00,H5,holdout,SLV,"{""budget_frac"": 0.8, ""dte_hi"": 50, ""dte_lo"": 25, ""dte_target"": 35, ""manage_dte"": 7, ""profit_take"": 0.5, ""target_delta"": -0.25}",conservative,30,ev_per_trade,75.87,30.4,130.2,,run_id=H5_SLV_conservative_7ef815c1 cagr=0.0663 sharpe=0.4 maxdd=-0.1967 final=11041.09
287,2026-07-29T18:22:39+00:00,H5,holdout,SLV,"{""budget_frac"": 0.8, ""dte_hi"": 50, ""dte_lo"": 25, ""dte_target"": 35, ""manage_dte"": 7, ""profit_take"": 0.5, ""target_delta"": -0.25}",stress,28,ev_per_trade,75.79,23.93,137.9,,run_id=H5_SLV_stress_7ef815c1 cagr=-0.0398 sharpe=-0.26 maxdd=-0.2251 final=9386.5
288,2026-07-29T18:22:39+00:00,H5,holdout,SLV,"{""budget_frac"": 0.8, ""dte_hi"": 50, ""dte_lo"": 25, ""dte_target"": 35, ""manage_dte"": 7, ""profit_take"": 0.5, ""target_delta"": -0.25}",base,31,ev_per_trade,77.13,32.34,129.59,,run_id=H5_SLV_base_7ef815c1 cagr=0.0736 sharpe=0.45 maxdd=-0.1949 final=11159.73
289,2026-07-29T18:23:02+00:00,H5,holdout,SLV,FROZEN backup cell (bb46cbf),base,31,cagr,0.074,,,G5 FAIL (dd),net>0 but maxDD -19.5% vs -9.6% limit (1.5x train+valid worst); assignment tail in 2026 silver correction; stress fills negative
