symbol,feature,target,n,ic_train,ci_lo,ci_hi,ic_valid,significant,stable
QQQ,slope_10y2y,fwd21_ret,1113,0.114,-0.053,0.281,0.016,False,False
QQQ,slope_10y2y,fwd21_tail,1113,-0.148,-0.303,0.014,-0.007,False,False
QQQ,slope_10y2y,fwd21_rv,1113,-0.172,-0.45,0.135,-0.045,False,False
QQQ,slope_10y3m,fwd21_ret,1113,-0.076,-0.264,0.137,0.007,False,False
QQQ,slope_10y3m,fwd21_tail,1113,0.076,-0.131,0.266,-0.007,False,False
QQQ,slope_10y3m,fwd21_rv,1113,0.145,-0.144,0.455,0.007,False,False
QQQ,y10_level,fwd21_ret,1113,-0.273,-0.453,-0.084,-0.072,True,True
QQQ,y10_level,fwd21_tail,1113,0.237,0.109,0.38,0.039,True,True
QQQ,y10_level,fwd21_rv,1113,0.187,-0.078,0.398,-0.166,False,False
QQQ,slope_10y2y_chg20,fwd21_ret,1113,0.209,0.044,0.315,-0.062,True,False
QQQ,slope_10y2y_chg20,fwd21_tail,1113,-0.104,-0.189,0.005,0.024,False,False
QQQ,slope_10y2y_chg20,fwd21_rv,1113,-0.16,-0.323,0.015,-0.132,False,False
QQQ,y10_chg20,fwd21_ret,1113,-0.105,-0.285,0.066,0.063,False,False
QQQ,y10_chg20,fwd21_tail,1113,0.158,-0.008,0.337,-0.058,False,False
QQQ,y10_chg20,fwd21_rv,1113,0.162,-0.062,0.389,-0.217,False,False
QQQ,cot_es_net_z52,fwd21_ret,1113,-0.147,-0.339,0.055,-0.027,False,False
QQQ,cot_es_net_z52,fwd21_tail,1113,0.026,-0.15,0.204,0.022,False,False
QQQ,cot_es_net_z52,fwd21_rv,1113,0.111,-0.085,0.336,-0.153,False,False
QQQ,sector_pe_median,fwd21_ret,1113,-0.047,-0.247,0.136,-0.127,False,False
QQQ,sector_pe_median,fwd21_tail,1113,-0.085,-0.203,0.066,0.068,False,False
QQQ,sector_pe_median,fwd21_rv,1113,-0.202,-0.413,0.051,0.284,False,False
QQQ,pe_tech_over_defensive,fwd21_ret,1113,-0.017,-0.217,0.186,-0.013,False,False
QQQ,pe_tech_over_defensive,fwd21_tail,1113,0.143,0.016,0.29,0.108,True,True
QQQ,pe_tech_over_defensive,fwd21_rv,1113,0.265,0.033,0.463,0.174,True,True
QQQ,sector_pe_median_chg13w,fwd21_ret,1113,-0.078,-0.288,0.117,-0.074,False,False
QQQ,sector_pe_median_chg13w,fwd21_tail,1113,0.058,-0.066,0.218,0.158,False,False
QQQ,sector_pe_median_chg13w,fwd21_rv,1113,0.104,-0.104,0.313,0.332,False,False
QQQ,earn_beat_rate_90d,fwd21_ret,1113,-0.047,-0.235,0.178,-0.236,False,False
QQQ,earn_beat_rate_90d,fwd21_tail,1113,-0.07,-0.218,0.078,0.074,False,False
QQQ,earn_beat_rate_90d,fwd21_rv,1113,-0.163,-0.371,0.081,-0.062,False,False
QQQ,earn_surprise_med_90d,fwd21_ret,1113,0.062,-0.088,0.228,0.146,False,False
QQQ,earn_surprise_med_90d,fwd21_tail,1113,-0.094,-0.249,0.048,-0.1,False,False
QQQ,earn_surprise_med_90d,fwd21_rv,1113,0.001,-0.287,0.285,-0.315,False,False
QQQ,earn_upcoming_21d,fwd21_ret,1113,-0.042,-0.189,0.09,0.158,False,False
QQQ,earn_upcoming_21d,fwd21_tail,1113,-0.003,-0.097,0.105,0.063,False,False
QQQ,earn_upcoming_21d,fwd21_rv,1113,0.022,-0.131,0.193,-0.023,False,False
QQQ,cpi_yoy,fwd21_ret,1113,-0.319,-0.467,-0.152,0.311,True,False
QQQ,cpi_yoy,fwd21_tail,1113,0.304,0.182,0.425,-0.035,True,False
QQQ,cpi_yoy,fwd21_rv,1113,0.322,0.053,0.523,-0.122,True,False
QQQ,unrate,fwd21_ret,1113,0.148,-0.021,0.334,-0.123,False,False
QQQ,unrate,fwd21_tail,1113,-0.183,-0.318,-0.03,0.021,True,False
QQQ,unrate,fwd21_rv,1113,-0.161,-0.401,0.102,0.035,False,False
QQQ,unrate_chg3m,fwd21_ret,1113,0.13,-0.072,0.341,-0.034,False,False
QQQ,unrate_chg3m,fwd21_tail,1113,-0.013,-0.181,0.146,-0.022,False,False
QQQ,unrate_chg3m,fwd21_rv,1113,0.009,-0.224,0.223,-0.263,False,False
QQQ,sentiment,fwd21_ret,1113,0.063,-0.145,0.282,-0.229,False,False
QQQ,sentiment,fwd21_tail,1113,-0.128,-0.336,0.077,0.018,False,False
QQQ,sentiment,fwd21_rv,1113,-0.288,-0.573,0.027,-0.009,False,False
QQQ,sentiment_chg6m,fwd21_ret,1113,0.083,-0.116,0.277,-0.0,False,False
QQQ,sentiment_chg6m,fwd21_tail,1113,-0.152,-0.288,0.003,0.132,False,False
QQQ,sentiment_chg6m,fwd21_rv,1113,-0.355,-0.534,-0.117,-0.038,True,True
QQQ,indpro_yoy,fwd21_ret,1113,-0.279,-0.461,-0.066,0.085,True,False
QQQ,indpro_yoy,fwd21_tail,1113,0.177,0.017,0.333,0.103,True,True
QQQ,indpro_yoy,fwd21_rv,1113,0.004,-0.279,0.273,-0.092,False,False
QQQ,absorption_chg_20d,fwd21_ret,1113,0.113,-0.062,0.275,0.082,False,False
QQQ,absorption_chg_20d,fwd21_tail,1113,-0.009,-0.153,0.104,-0.13,False,False
QQQ,absorption_chg_20d,fwd21_rv,1113,0.072,-0.111,0.24,-0.1,False,False
QQQ,absorption_ratio,fwd21_ret,1113,0.336,0.141,0.511,0.253,True,True
QQQ,absorption_ratio,fwd21_tail,1113,-0.155,-0.308,0.0,-0.092,False,False
QQQ,absorption_ratio,fwd21_rv,1113,0.029,-0.255,0.277,-0.148,False,False
QQQ,dist_from_ath,fwd21_ret,1113,-0.175,-0.387,0.028,-0.298,False,False
QQQ,dist_from_ath,fwd21_tail,1113,-0.027,-0.169,0.132,0.147,False,False
QQQ,dist_from_ath,fwd21_rv,1113,-0.263,-0.445,-0.053,0.152,True,False
QQQ,dist_ma200,fwd21_ret,1113,-0.087,-0.282,0.092,-0.455,False,False
QQQ,dist_ma200,fwd21_tail,1113,-0.098,-0.216,0.054,0.226,False,False
QQQ,dist_ma200,fwd21_rv,1113,-0.271,-0.472,0.005,0.18,False,False
QQQ,dist_ma50,fwd21_ret,1113,-0.087,-0.269,0.103,-0.294,False,False
QQQ,dist_ma50,fwd21_tail,1113,-0.017,-0.135,0.105,0.203,False,False
QQQ,dist_ma50,fwd21_rv,1113,-0.147,-0.32,0.054,0.17,False,False
QQQ,eqw_capw_vol_ratio_20,fwd21_ret,1113,0.227,0.045,0.393,0.124,True,True
QQQ,eqw_capw_vol_ratio_20,fwd21_tail,1113,-0.249,-0.361,-0.11,0.093,True,False
QQQ,eqw_capw_vol_ratio_20,fwd21_rv,1113,-0.305,-0.496,-0.083,0.04,True,False
QQQ,expected_move_30d,fwd21_ret,1113,0.078,-0.123,0.276,0.077,False,False
QQQ,expected_move_30d,fwd21_tail,1113,0.065,-0.111,0.194,-0.101,False,False
QQQ,expected_move_30d,fwd21_rv,1113,0.36,0.094,0.564,0.019,True,False
QQQ,hyg_lqd_ret20_diff,fwd21_ret,1113,-0.109,-0.288,0.039,0.096,False,False
QQQ,hyg_lqd_ret20_diff,fwd21_tail,1113,0.13,-0.023,0.282,-0.039,False,False
QQQ,hyg_lqd_ret20_diff,fwd21_rv,1113,0.168,-0.021,0.343,-0.14,False,False
QQQ,iv_minus_rv20,fwd21_ret,1113,-0.018,-0.185,0.146,-0.017,False,False
QQQ,iv_minus_rv20,fwd21_tail,1113,-0.11,-0.216,0.006,0.089,False,False
QQQ,iv_minus_rv20,fwd21_rv,1113,-0.066,-0.243,0.098,-0.008,False,False
QQQ,iwm_spy_ret20_diff,fwd21_ret,1113,0.173,0.008,0.324,0.064,True,True
QQQ,iwm_spy_ret20_diff,fwd21_tail,1113,-0.131,-0.257,-0.012,-0.044,True,True
QQQ,iwm_spy_ret20_diff,fwd21_rv,1113,-0.118,-0.269,0.025,0.157,False,False
QQQ,ma50_slope_20d,fwd21_ret,1113,-0.088,-0.301,0.096,-0.334,False,False
QQQ,ma50_slope_20d,fwd21_tail,1113,-0.013,-0.134,0.124,0.115,False,False
QQQ,ma50_slope_20d,fwd21_rv,1113,-0.04,-0.263,0.186,0.173,False,False
QQQ,pc1_loading_dispersion,fwd21_ret,1113,-0.341,-0.499,-0.152,-0.234,True,True
QQQ,pc1_loading_dispersion,fwd21_tail,1113,0.196,0.05,0.351,0.035,True,True
QQQ,pc1_loading_dispersion,fwd21_rv,1113,0.021,-0.231,0.267,0.054,False,False
QQQ,qqq_spy_ret20_diff,fwd21_ret,1113,0.014,-0.166,0.207,-0.04,False,False
QQQ,qqq_spy_ret20_diff,fwd21_tail,1113,-0.056,-0.2,0.109,0.132,False,False
QQQ,qqq_spy_ret20_diff,fwd21_rv,1113,-0.095,-0.289,0.129,0.05,False,False
QQQ,rate_3m_chg_20d,fwd21_ret,1113,-0.202,-0.324,-0.008,-0.028,True,False
QQQ,rate_3m_chg_20d,fwd21_tail,1113,0.221,0.089,0.311,0.074,True,True
QQQ,rate_3m_chg_20d,fwd21_rv,1113,0.305,0.109,0.486,-0.006,True,False
QQQ,rate_3m_level,fwd21_ret,1113,-0.107,-0.27,0.092,0.018,False,False
QQQ,rate_3m_level,fwd21_tail,1113,0.099,-0.06,0.255,0.038,False,False
QQQ,rate_3m_level,fwd21_rv,1113,0.082,-0.203,0.347,-0.337,False,False
QQQ,rebound_from_20d_low,fwd21_ret,1113,0.037,-0.11,0.194,-0.137,False,False
QQQ,rebound_from_20d_low,fwd21_tail,1113,0.006,-0.102,0.094,0.068,False,False
QQQ,rebound_from_20d_low,fwd21_rv,1113,-0.068,-0.203,0.116,0.041,False,False
QQQ,ret_120d,fwd21_ret,1113,-0.143,-0.347,0.062,-0.34,False,False
QQQ,ret_120d,fwd21_tail,1113,-0.052,-0.184,0.117,0.179,False,False
QQQ,ret_120d,fwd21_rv,1113,-0.234,-0.42,-0.003,0.072,True,False
QQQ,ret_1d,fwd21_ret,1113,0.001,-0.047,0.04,-0.09,False,False
QQQ,ret_1d,fwd21_tail,1113,0.012,-0.031,0.061,0.08,False,False
QQQ,ret_1d,fwd21_rv,1113,-0.05,-0.094,0.006,0.008,False,False
QQQ,ret_20d,fwd21_ret,1113,-0.079,-0.23,0.08,-0.184,False,False
QQQ,ret_20d,fwd21_tail,1113,-0.004,-0.11,0.104,0.159,False,False
QQQ,ret_20d,fwd21_rv,1113,-0.129,-0.269,0.049,0.165,False,False
QQQ,ret_5d,fwd21_ret,1113,-0.027,-0.11,0.054,-0.113,False,False
QQQ,ret_5d,fwd21_tail,1113,0.018,-0.05,0.083,0.139,False,False
QQQ,ret_5d,fwd21_rv,1113,-0.077,-0.168,0.042,0.035,False,False
QQQ,ret_60d,fwd21_ret,1113,-0.106,-0.319,0.068,-0.376,False,False
QQQ,ret_60d,fwd21_tail,1113,-0.017,-0.139,0.109,0.154,False,False
QQQ,ret_60d,fwd21_rv,1113,-0.105,-0.295,0.126,0.22,False,False
QQQ,ret_accel_5_20,fwd21_ret,1113,0.015,-0.061,0.085,-0.045,False,False
QQQ,ret_accel_5_20,fwd21_tail,1113,0.01,-0.051,0.075,0.083,False,False
QQQ,ret_accel_5_20,fwd21_rv,1113,-0.035,-0.097,0.045,-0.029,False,False
QQQ,rsi_14,fwd21_ret,1113,-0.066,-0.2,0.066,-0.232,False,False
QQQ,rsi_14,fwd21_tail,1113,-0.043,-0.146,0.054,0.17,False,False
QQQ,rsi_14,fwd21_rv,1113,-0.182,-0.316,-0.012,0.137,True,False
QQQ,rv_10,fwd21_ret,1113,0.135,-0.028,0.312,0.261,False,False
QQQ,rv_10,fwd21_tail,1113,0.056,-0.072,0.167,-0.17,False,False
QQQ,rv_10,fwd21_rv,1113,0.291,0.094,0.454,-0.143,True,False
QQQ,rv_20,fwd21_ret,1113,0.167,-0.022,0.372,0.289,False,False
QQQ,rv_20,fwd21_tail,1113,0.042,-0.114,0.153,-0.186,False,False
QQQ,rv_20,fwd21_rv,1113,0.266,0.072,0.448,-0.14,True,False
QQQ,rv_5,fwd21_ret,1113,0.134,-0.027,0.3,0.183,False,False
QQQ,rv_5,fwd21_tail,1113,0.036,-0.091,0.132,-0.128,False,False
QQQ,rv_5,fwd21_rv,1113,0.274,0.123,0.397,-0.115,True,False
QQQ,rv_60,fwd21_ret,1113,0.24,0.032,0.47,0.425,True,True
QQQ,rv_60,fwd21_tail,1113,-0.015,-0.181,0.136,-0.184,False,False
QQQ,rv_60,fwd21_rv,1113,0.156,-0.11,0.382,-0.075,False,False
QQQ,spy_lqd_corr_60,fwd21_ret,1113,0.159,-0.025,0.353,-0.047,False,False
QQQ,spy_lqd_corr_60,fwd21_tail,1113,-0.045,-0.24,0.132,0.164,False,False
QQQ,spy_lqd_corr_60,fwd21_rv,1113,0.109,-0.206,0.39,0.185,False,False
QQQ,spy_rsp_ratio_z60,fwd21_ret,1113,-0.101,-0.263,0.077,-0.065,False,False
QQQ,spy_rsp_ratio_z60,fwd21_tail,1113,0.014,-0.112,0.169,0.09,False,False
QQQ,spy_rsp_ratio_z60,fwd21_rv,1113,0.038,-0.187,0.268,0.045,False,False
QQQ,spy_rsp_ret20_diff,fwd21_ret,1113,-0.067,-0.244,0.108,-0.01,False,False
QQQ,spy_rsp_ret20_diff,fwd21_tail,1113,0.008,-0.129,0.152,0.134,False,False
QQQ,spy_rsp_ret20_diff,fwd21_rv,1113,-0.013,-0.177,0.179,-0.021,False,False
QQQ,spy_rsp_ret60_diff,fwd21_ret,1113,-0.128,-0.321,0.075,-0.097,False,False
QQQ,spy_rsp_ret60_diff,fwd21_tail,1113,0.108,-0.034,0.259,0.173,False,False
QQQ,spy_rsp_ret60_diff,fwd21_rv,1113,0.034,-0.198,0.269,-0.026,False,False
QQQ,vix9d_vix_ratio,fwd21_ret,1113,0.108,0.003,0.248,0.156,True,True
QQQ,vix9d_vix_ratio,fwd21_tail,1113,0.006,-0.092,0.096,-0.059,False,False
QQQ,vix9d_vix_ratio,fwd21_rv,1113,0.183,0.026,0.315,-0.061,True,False
QQQ,vix_chg_20d,fwd21_ret,1113,0.016,-0.105,0.148,-0.035,False,False
QQQ,vix_chg_20d,fwd21_tail,1113,-0.028,-0.137,0.091,-0.057,False,False
QQQ,vix_chg_20d,fwd21_rv,1113,0.117,-0.056,0.253,-0.182,False,False
QQQ,vix_chg_5d,fwd21_ret,1113,-0.054,-0.131,0.031,-0.002,False,False
QQQ,vix_chg_5d,fwd21_tail,1113,-0.034,-0.112,0.045,-0.04,False,False
QQQ,vix_chg_5d,fwd21_rv,1113,0.045,-0.052,0.124,0.01,False,False
QQQ,vix_level,fwd21_ret,1113,0.212,0.022,0.399,0.261,True,True
QQQ,vix_level,fwd21_tail,1113,-0.033,-0.186,0.079,-0.196,False,False
QQQ,vix_level,fwd21_rv,1113,0.31,0.091,0.498,-0.133,True,False
QQQ,vix_pct_252,fwd21_ret,1113,0.044,-0.112,0.246,-0.005,False,False
QQQ,vix_pct_252,fwd21_tail,1113,0.089,-0.051,0.199,-0.122,False,False
QQQ,vix_pct_252,fwd21_rv,1113,0.405,0.228,0.547,-0.127,True,False
QQQ,vol_of_vol_20,fwd21_ret,1113,0.117,-0.045,0.27,0.222,False,False
QQQ,vol_of_vol_20,fwd21_tail,1113,-0.021,-0.158,0.107,-0.239,False,False
QQQ,vol_of_vol_20,fwd21_rv,1113,-0.015,-0.195,0.157,-0.174,False,False
QQQ,vvix_level,fwd21_ret,1113,0.121,-0.057,0.324,0.041,False,False
QQQ,vvix_level,fwd21_tail,1113,-0.074,-0.221,0.062,-0.166,False,False
QQQ,vvix_level,fwd21_rv,1113,0.106,-0.116,0.32,-0.17,False,False
SPY,slope_10y2y,fwd21_ret,1113,0.083,-0.095,0.246,0.159,False,False
SPY,slope_10y2y,fwd21_tail,1113,-0.172,-0.322,-0.045,-0.096,True,True
SPY,slope_10y2y,fwd21_rv,1113,-0.188,-0.461,0.101,-0.107,False,False
SPY,slope_10y3m,fwd21_ret,1113,-0.076,-0.268,0.131,-0.015,False,False
SPY,slope_10y3m,fwd21_tail,1113,0.048,-0.164,0.245,0.029,False,False
SPY,slope_10y3m,fwd21_rv,1113,0.101,-0.173,0.383,0.075,False,False
SPY,y10_level,fwd21_ret,1113,-0.232,-0.423,-0.045,0.022,True,False
SPY,y10_level,fwd21_tail,1113,0.211,0.085,0.348,-0.038,True,False
SPY,y10_level,fwd21_rv,1113,0.159,-0.106,0.4,-0.15,False,False
SPY,slope_10y2y_chg20,fwd21_ret,1113,0.175,0.001,0.29,0.04,True,True
SPY,slope_10y2y_chg20,fwd21_tail,1113,-0.111,-0.201,-0.014,-0.052,True,True
SPY,slope_10y2y_chg20,fwd21_rv,1113,-0.154,-0.3,0.018,-0.051,False,False
SPY,y10_chg20,fwd21_ret,1113,-0.079,-0.277,0.104,-0.028,False,False
SPY,y10_chg20,fwd21_tail,1113,0.057,-0.133,0.244,0.016,False,False
SPY,y10_chg20,fwd21_rv,1113,0.071,-0.153,0.323,-0.209,False,False
SPY,cot_es_net_z52,fwd21_ret,1113,-0.118,-0.291,0.077,0.077,False,False
SPY,cot_es_net_z52,fwd21_tail,1113,0.008,-0.155,0.165,-0.018,False,False
SPY,cot_es_net_z52,fwd21_rv,1113,0.03,-0.182,0.265,-0.088,False,False
SPY,sector_pe_median,fwd21_ret,1113,-0.076,-0.287,0.118,-0.034,False,False
SPY,sector_pe_median,fwd21_tail,1113,-0.103,-0.238,0.048,-0.009,False,False
SPY,sector_pe_median,fwd21_rv,1113,-0.289,-0.458,-0.021,0.096,True,False
SPY,pe_tech_over_defensive,fwd21_ret,1113,-0.034,-0.213,0.153,0.045,False,False
SPY,pe_tech_over_defensive,fwd21_tail,1113,0.146,-0.003,0.285,0.028,False,False
SPY,pe_tech_over_defensive,fwd21_rv,1113,0.285,0.062,0.488,0.007,True,False
SPY,sector_pe_median_chg13w,fwd21_ret,1113,-0.09,-0.282,0.101,-0.052,False,False
SPY,sector_pe_median_chg13w,fwd21_tail,1113,0.039,-0.087,0.191,0.075,False,False
SPY,sector_pe_median_chg13w,fwd21_rv,1113,-0.003,-0.183,0.235,0.142,False,False
SPY,earn_beat_rate_90d,fwd21_ret,1113,-0.034,-0.203,0.172,0.002,False,False
SPY,earn_beat_rate_90d,fwd21_tail,1113,-0.095,-0.237,0.038,-0.024,False,False
SPY,earn_beat_rate_90d,fwd21_rv,1113,-0.186,-0.418,0.035,-0.041,False,False
SPY,earn_surprise_med_90d,fwd21_ret,1113,0.089,-0.057,0.259,0.249,False,False
SPY,earn_surprise_med_90d,fwd21_tail,1113,-0.131,-0.28,-0.002,-0.159,True,True
SPY,earn_surprise_med_90d,fwd21_rv,1113,-0.043,-0.364,0.227,-0.409,False,False
SPY,earn_upcoming_21d,fwd21_ret,1113,0.017,-0.149,0.169,0.12,False,False
SPY,earn_upcoming_21d,fwd21_tail,1113,-0.06,-0.157,0.029,0.038,False,False
SPY,earn_upcoming_21d,fwd21_rv,1113,0.049,-0.102,0.213,-0.093,False,False
SPY,cpi_yoy,fwd21_ret,1113,-0.28,-0.428,-0.119,0.167,True,False
SPY,cpi_yoy,fwd21_tail,1113,0.273,0.159,0.38,0.09,True,True
SPY,cpi_yoy,fwd21_rv,1113,0.355,0.14,0.539,-0.067,True,False
SPY,unrate,fwd21_ret,1113,0.136,-0.026,0.297,0.037,False,False
SPY,unrate,fwd21_tail,1113,-0.207,-0.343,-0.062,-0.094,True,True
SPY,unrate,fwd21_rv,1113,-0.258,-0.488,0.023,-0.02,False,False
SPY,unrate_chg3m,fwd21_ret,1113,0.079,-0.115,0.249,0.068,False,False
SPY,unrate_chg3m,fwd21_tail,1113,0.052,-0.09,0.209,-0.072,False,False
SPY,unrate_chg3m,fwd21_rv,1113,0.048,-0.163,0.291,-0.221,False,False
SPY,sentiment,fwd21_ret,1113,0.002,-0.207,0.221,-0.129,False,False
SPY,sentiment,fwd21_tail,1113,-0.057,-0.264,0.168,-0.046,False,False
SPY,sentiment,fwd21_rv,1113,-0.21,-0.508,0.096,-0.033,False,False
SPY,sentiment_chg6m,fwd21_ret,1113,0.078,-0.09,0.227,-0.063,False,False
SPY,sentiment_chg6m,fwd21_tail,1113,-0.133,-0.27,0.021,0.152,False,False
SPY,sentiment_chg6m,fwd21_rv,1113,-0.278,-0.454,-0.04,0.038,True,False
SPY,indpro_yoy,fwd21_ret,1113,-0.271,-0.418,-0.086,0.107,True,False
SPY,indpro_yoy,fwd21_tail,1113,0.148,-0.02,0.315,0.051,False,False
SPY,indpro_yoy,fwd21_rv,1113,0.021,-0.235,0.262,-0.052,False,False
SPY,absorption_chg_20d,fwd21_ret,1113,0.16,0.01,0.321,0.212,True,True
SPY,absorption_chg_20d,fwd21_tail,1113,0.006,-0.136,0.137,-0.003,False,False
SPY,absorption_chg_20d,fwd21_rv,1113,0.103,-0.093,0.253,0.028,False,False
SPY,absorption_ratio,fwd21_ret,1113,0.338,0.192,0.49,0.15,True,True
SPY,absorption_ratio,fwd21_tail,1113,-0.13,-0.256,0.016,0.033,False,False
SPY,absorption_ratio,fwd21_rv,1113,0.071,-0.185,0.317,-0.083,False,False
SPY,dist_from_ath,fwd21_ret,1113,-0.223,-0.418,-0.035,-0.134,True,True
SPY,dist_from_ath,fwd21_tail,1113,-0.053,-0.184,0.103,-0.008,False,False
SPY,dist_from_ath,fwd21_rv,1113,-0.321,-0.495,-0.119,0.047,True,False
SPY,dist_ma200,fwd21_ret,1113,-0.124,-0.322,0.071,-0.31,False,False
SPY,dist_ma200,fwd21_tail,1113,-0.123,-0.246,0.01,0.027,False,False
SPY,dist_ma200,fwd21_rv,1113,-0.342,-0.525,-0.113,0.062,True,False
SPY,dist_ma50,fwd21_ret,1113,-0.16,-0.327,0.021,-0.225,False,False
SPY,dist_ma50,fwd21_tail,1113,-0.05,-0.165,0.067,0.104,False,False
SPY,dist_ma50,fwd21_rv,1113,-0.191,-0.348,-0.012,0.09,True,False
SPY,eqw_capw_vol_ratio_20,fwd21_ret,1113,0.212,0.042,0.367,0.184,True,True
SPY,eqw_capw_vol_ratio_20,fwd21_tail,1113,-0.235,-0.348,-0.118,0.019,True,False
SPY,eqw_capw_vol_ratio_20,fwd21_rv,1113,-0.311,-0.497,-0.121,-0.011,True,False
SPY,expected_move_30d,fwd21_ret,1113,0.152,-0.023,0.34,0.053,False,False
SPY,expected_move_30d,fwd21_tail,1113,0.032,-0.117,0.148,-0.037,False,False
SPY,expected_move_30d,fwd21_rv,1113,0.376,0.13,0.57,0.071,True,True
SPY,hyg_lqd_ret20_diff,fwd21_ret,1113,-0.094,-0.281,0.066,-0.028,False,False
SPY,hyg_lqd_ret20_diff,fwd21_tail,1113,0.042,-0.119,0.193,-0.029,False,False
SPY,hyg_lqd_ret20_diff,fwd21_rv,1113,0.1,-0.104,0.296,-0.171,False,False
SPY,iv_minus_rv20,fwd21_ret,1113,-0.007,-0.185,0.156,-0.035,False,False
SPY,iv_minus_rv20,fwd21_tail,1113,-0.139,-0.245,-0.026,0.012,True,False
SPY,iv_minus_rv20,fwd21_rv,1113,-0.165,-0.328,-0.007,0.014,True,False
SPY,iwm_spy_ret20_diff,fwd21_ret,1113,0.154,-0.012,0.3,-0.054,False,False
SPY,iwm_spy_ret20_diff,fwd21_tail,1113,-0.138,-0.258,-0.009,-0.044,True,True
SPY,iwm_spy_ret20_diff,fwd21_rv,1113,-0.146,-0.323,-0.005,0.113,True,False
SPY,ma50_slope_20d,fwd21_ret,1113,-0.13,-0.358,0.064,-0.176,False,False
SPY,ma50_slope_20d,fwd21_tail,1113,-0.041,-0.187,0.115,0.02,False,False
SPY,ma50_slope_20d,fwd21_rv,1113,-0.18,-0.387,0.082,0.118,False,False
SPY,pc1_loading_dispersion,fwd21_ret,1113,-0.358,-0.509,-0.2,-0.058,True,True
SPY,pc1_loading_dispersion,fwd21_tail,1113,0.237,0.088,0.366,-0.065,True,False
SPY,pc1_loading_dispersion,fwd21_rv,1113,0.016,-0.212,0.273,-0.012,False,False
SPY,qqq_spy_ret20_diff,fwd21_ret,1113,0.042,-0.168,0.226,0.009,False,False
SPY,qqq_spy_ret20_diff,fwd21_tail,1113,-0.05,-0.205,0.103,0.178,False,False
SPY,qqq_spy_ret20_diff,fwd21_rv,1113,-0.046,-0.265,0.184,0.047,False,False
SPY,rate_3m_chg_20d,fwd21_ret,1113,-0.174,-0.307,0.005,-0.08,False,False
SPY,rate_3m_chg_20d,fwd21_tail,1113,0.197,0.098,0.284,0.097,True,True
SPY,rate_3m_chg_20d,fwd21_rv,1113,0.274,0.051,0.463,0.04,True,True
SPY,rate_3m_level,fwd21_ret,1113,-0.082,-0.25,0.087,0.173,False,False
SPY,rate_3m_level,fwd21_tail,1113,0.115,-0.026,0.252,-0.039,False,False
SPY,rate_3m_level,fwd21_rv,1113,0.078,-0.169,0.348,-0.339,False,False
SPY,rebound_from_20d_low,fwd21_ret,1113,0.007,-0.142,0.145,-0.117,False,False
SPY,rebound_from_20d_low,fwd21_tail,1113,-0.003,-0.101,0.099,0.092,False,False
SPY,rebound_from_20d_low,fwd21_rv,1113,0.009,-0.146,0.167,0.009,False,False
SPY,ret_120d,fwd21_ret,1113,-0.165,-0.391,0.031,-0.262,False,False
SPY,ret_120d,fwd21_tail,1113,-0.074,-0.201,0.085,0.002,False,False
SPY,ret_120d,fwd21_rv,1113,-0.283,-0.465,-0.036,-0.036,True,True
SPY,ret_1d,fwd21_ret,1113,-0.018,-0.063,0.019,-0.076,False,False
SPY,ret_1d,fwd21_tail,1113,0.031,-0.019,0.084,0.002,False,False
SPY,ret_1d,fwd21_rv,1113,-0.043,-0.088,0.015,0.008,False,False
SPY,ret_20d,fwd21_ret,1113,-0.137,-0.275,-0.005,-0.189,True,True
SPY,ret_20d,fwd21_tail,1113,-0.03,-0.121,0.067,0.109,False,False
SPY,ret_20d,fwd21_rv,1113,-0.117,-0.276,0.055,0.073,False,False
SPY,ret_5d,fwd21_ret,1113,-0.065,-0.143,0.009,-0.066,False,False
SPY,ret_5d,fwd21_tail,1113,-0.004,-0.071,0.065,0.085,False,False
SPY,ret_5d,fwd21_rv,1113,-0.043,-0.136,0.069,0.012,False,False
SPY,ret_60d,fwd21_ret,1113,-0.152,-0.358,0.016,-0.247,False,False
SPY,ret_60d,fwd21_tail,1113,-0.044,-0.165,0.087,0.037,False,False
SPY,ret_60d,fwd21_rv,1113,-0.227,-0.4,0.036,0.141,False,False
SPY,ret_accel_5_20,fwd21_ret,1113,-0.005,-0.083,0.07,0.003,False,False
SPY,ret_accel_5_20,fwd21_tail,1113,-0.003,-0.083,0.077,0.036,False,False
SPY,ret_accel_5_20,fwd21_rv,1113,-0.007,-0.077,0.077,-0.008,False,False
SPY,rsi_14,fwd21_ret,1113,-0.152,-0.278,-0.031,-0.207,True,True
SPY,rsi_14,fwd21_tail,1113,-0.047,-0.129,0.039,0.07,False,False
SPY,rsi_14,fwd21_rv,1113,-0.158,-0.315,0.014,0.055,False,False
SPY,rv_10,fwd21_ret,1113,0.204,0.052,0.369,0.253,True,True
SPY,rv_10,fwd21_tail,1113,0.05,-0.082,0.16,0.004,False,False
SPY,rv_10,fwd21_rv,1113,0.337,0.143,0.487,-0.021,True,False
SPY,rv_20,fwd21_ret,1113,0.223,0.052,0.412,0.218,True,True
SPY,rv_20,fwd21_tail,1113,0.058,-0.079,0.184,-0.004,False,False
SPY,rv_20,fwd21_rv,1113,0.325,0.125,0.511,-0.046,True,False
SPY,rv_5,fwd21_ret,1113,0.196,0.053,0.36,0.197,True,True
SPY,rv_5,fwd21_tail,1113,0.064,-0.05,0.158,-0.01,False,False
SPY,rv_5,fwd21_rv,1113,0.313,0.149,0.444,-0.024,True,False
SPY,rv_60,fwd21_ret,1113,0.255,0.068,0.433,0.254,True,True
SPY,rv_60,fwd21_tail,1113,0.003,-0.169,0.177,-0.019,False,False
SPY,rv_60,fwd21_rv,1113,0.212,-0.051,0.438,-0.023,False,False
SPY,spy_lqd_corr_60,fwd21_ret,1113,0.179,0.008,0.363,-0.041,True,False
SPY,spy_lqd_corr_60,fwd21_tail,1113,-0.06,-0.254,0.139,0.177,False,False
SPY,spy_lqd_corr_60,fwd21_rv,1113,0.143,-0.171,0.41,0.31,False,False
SPY,spy_rsp_ratio_z60,fwd21_ret,1113,-0.074,-0.226,0.095,0.035,False,False
SPY,spy_rsp_ratio_z60,fwd21_tail,1113,0.046,-0.096,0.203,0.051,False,False
SPY,spy_rsp_ratio_z60,fwd21_rv,1113,0.1,-0.121,0.33,-0.001,False,False
SPY,spy_rsp_ret20_diff,fwd21_ret,1113,0.002,-0.162,0.171,0.092,False,False
SPY,spy_rsp_ret20_diff,fwd21_tail,1113,0.03,-0.106,0.161,0.136,False,False
SPY,spy_rsp_ret20_diff,fwd21_rv,1113,0.022,-0.157,0.211,-0.044,False,False
SPY,spy_rsp_ret60_diff,fwd21_ret,1113,-0.137,-0.306,0.067,0.005,False,False
SPY,spy_rsp_ret60_diff,fwd21_tail,1113,0.134,-0.021,0.289,0.004,False,False
SPY,spy_rsp_ret60_diff,fwd21_rv,1113,0.149,-0.1,0.383,-0.151,False,False
SPY,vix9d_vix_ratio,fwd21_ret,1113,0.144,0.039,0.274,0.209,True,True
SPY,vix9d_vix_ratio,fwd21_tail,1113,0.048,-0.05,0.133,-0.01,False,False
SPY,vix9d_vix_ratio,fwd21_rv,1113,0.205,0.041,0.338,0.068,True,True
SPY,vix_chg_20d,fwd21_ret,1113,0.081,-0.043,0.213,0.11,False,False
SPY,vix_chg_20d,fwd21_tail,1113,-0.031,-0.17,0.108,-0.059,False,False
SPY,vix_chg_20d,fwd21_rv,1113,0.07,-0.119,0.235,-0.094,False,False
SPY,vix_chg_5d,fwd21_ret,1113,-0.02,-0.098,0.069,0.026,False,False
SPY,vix_chg_5d,fwd21_tail,1113,-0.011,-0.106,0.081,-0.005,False,False
SPY,vix_chg_5d,fwd21_rv,1113,0.002,-0.099,0.087,0.012,False,False
SPY,vix_level,fwd21_ret,1113,0.282,0.129,0.452,0.164,True,True
SPY,vix_level,fwd21_tail,1113,-0.041,-0.177,0.067,-0.038,False,False
SPY,vix_level,fwd21_rv,1113,0.328,0.101,0.511,-0.029,True,False
SPY,vix_pct_252,fwd21_ret,1113,0.103,-0.052,0.293,0.127,False,False
SPY,vix_pct_252,fwd21_tail,1113,0.135,0.01,0.244,-0.128,True,False
SPY,vix_pct_252,fwd21_rv,1113,0.419,0.243,0.558,-0.076,True,False
SPY,vol_of_vol_20,fwd21_ret,1113,0.13,-0.022,0.291,0.27,False,False
SPY,vol_of_vol_20,fwd21_tail,1113,-0.001,-0.135,0.127,-0.133,False,False
SPY,vol_of_vol_20,fwd21_rv,1113,-0.017,-0.208,0.168,-0.132,False,False
SPY,vvix_level,fwd21_ret,1113,0.146,-0.027,0.328,0.107,False,False
SPY,vvix_level,fwd21_tail,1113,-0.094,-0.238,0.021,-0.099,False,False
SPY,vvix_level,fwd21_rv,1113,0.106,-0.143,0.305,-0.154,False,False
